acquisition_campaignID,NPU_Count,Repeat_Rate,D7_Retention,D30_Retention,D60_Retention,Avg_Post_Tx,Avg_Post_GMV,Avg_Post_Discount,Post_Non_Promo_Tx_Share,Avg_Post_Category_Count,Avg_Post_Merchant_Count
5483,1.0,1.0,1.0,1.0,1.0,3.0,40000.0,9000.0,0.6666666666666666,1.0,1.0
5489,1.0,1.0,1.0,1.0,1.0,3.0,688343.0,65000.0,0.0,1.0,2.0
5736,20.0,0.45,0.25,0.4,0.4444444444444444,3.35,109385.1,2985.0,0.5074626865671642,0.6,0.8
6306,2.0,0.0,0.0,0.0,0.0,0.0,0.0,0.0,0.0,0.0,0.0
6311,3.0,0.0,0.0,0.0,0.0,0.0,0.0,0.0,0.0,0.0,0.0
6312,12.0,0.5,0.16666666666666666,0.5,0.5454545454545454,0.6666666666666666,158978.25,0.0,1.0,0.5,0.5
6313,1.0,0.0,0.0,0.0,0.0,0.0,0.0,0.0,0.0,0.0,0.0
6317,1.0,0.0,0.0,0.0,0.0,0.0,0.0,0.0,0.0,0.0,0.0
6580,50.0,0.04,0.02,0.02,0.02,0.18,61337.6,1200.0,0.5555555555555556,0.06,0.12
6581,4.0,0.5,0.5,0.5,0.5,3.75,457398.25,32500.0,0.3333333333333333,1.0,1.0
6589,3.0,0.6666666666666666,0.3333333333333333,0.6666666666666666,0.6666666666666666,11.0,14743470.666666666,102333.33333333333,0.12121212121212122,1.6666666666666667,2.3333333333333335
6685,28.0,0.8214285714285714,0.32142857142857145,0.5714285714285714,0.75,5.821428571428571,1069002.5357142857,12892.857142857143,0.8834355828220859,1.5714285714285714,1.8928571428571428
6811,26.0,0.6538461538461539,0.23076923076923078,0.4230769230769231,0.5384615384615384,7.615384615384615,620192.8076923077,43961.153846153844,0.6919191919191919,1.5,2.0
7048,18.0,1.0,0.6111111111111112,0.8888888888888888,1.0,34.166666666666664,1143169.111111111,74553.88888888889,0.8357723577235773,1.7222222222222223,3.9444444444444446
7049,62.0,0.8870967741935484,0.3548387096774194,0.6774193548387096,0.8225806451612904,10.225806451612904,2996817.080645161,23691.25806451613,0.8485804416403786,1.6612903225806452,2.8225806451612905
7050,32.0,0.90625,0.25,0.65625,0.875,11.34375,3369127.40625,25312.5,0.8484848484848485,1.6875,2.53125
7052,63.0,0.6666666666666666,0.20634920634920634,0.4603174603174603,0.49206349206349204,5.746031746031746,1951018.873015873,11126.984126984127,0.8674033149171271,1.2698412698412698,1.5873015873015872
7053,13.0,0.7692307692307693,0.38461538461538464,0.5384615384615384,0.6153846153846154,4.230769230769231,375534.1538461539,22000.0,0.6727272727272727,1.1538461538461537,1.3846153846153846
7054,60.0,0.6333333333333333,0.18333333333333332,0.4166666666666667,0.55,3.716666666666667,628722.0833333334,22233.333333333332,0.7533632286995515,1.1666666666666667,1.5166666666666666
7059,2.0,1.0,0.5,1.0,1.0,3.0,1584604.5,35000.0,0.5,2.0,2.0
7060,3.0,0.3333333333333333,0.3333333333333333,0.3333333333333333,0.3333333333333333,2.0,1128000.0,98333.33333333333,0.0,1.3333333333333333,1.6666666666666667
7062,2.0,1.0,0.5,0.5,0.5,7.0,2836775.5,42500.0,0.7142857142857143,1.5,2.5
7066,1.0,1.0,1.0,1.0,1.0,1.0,22000.0,0.0,1.0,1.0,1.0
7067,1.0,0.0,0.0,0.0,0.0,0.0,0.0,0.0,0.0,0.0,0.0
7068,4.0,1.0,0.25,0.5,0.5,8.5,393824.25,24500.0,0.6176470588235294,2.0,3.5
7069,1.0,1.0,1.0,1.0,1.0,1.0,110000.0,0.0,1.0,1.0,1.0
7075,3.0,0.6666666666666666,0.3333333333333333,0.6666666666666666,0.6666666666666666,6.333333333333333,457694.0,78666.66666666667,0.3684210526315789,1.3333333333333333,2.3333333333333335
7077,2.0,0.5,0.0,0.0,0.0,1.0,600500.0,495.0,0.5,1.0,1.0
7080,1.0,1.0,0.0,0.0,0.0,1.0,38200.0,10000.0,0.0,1.0,1.0
7289,543.0,0.5911602209944752,0.31860036832412525,0.48987108655616945,0.5340699815837937,4.858195211786372,319352.8968692449,9331.252302025783,0.7657316148597423,1.003683241252302,1.5267034990791897
7421,1355.0,0.5911439114391144,0.25313653136531367,0.444280442804428,0.5151291512915129,9.12619926199262,1146210.6974169742,15502.311439114392,0.8541969917515769,0.9461254612546125,1.4228782287822879
7422,536.0,0.458955223880597,0.19402985074626866,0.3208955223880597,0.38619402985074625,8.345149253731343,489585.25373134325,13758.371268656716,0.8694388553543483,0.7910447761194029,1.2220149253731343
7423,44.0,0.8181818181818182,0.36363636363636365,0.6363636363636364,0.75,9.840909090909092,520035.5227272727,14885.227272727272,0.8314087759815243,1.25,1.9772727272727273
7424,434.0,0.5875576036866359,0.17511520737327188,0.4308755760368664,0.5161290322580645,5.414746543778802,1778044.6221198156,15046.912442396313,0.7625531914893617,1.076036866359447,1.4838709677419355
7425,76.0,0.6578947368421053,0.32894736842105265,0.5263157894736842,0.5921052631578947,6.052631578947368,1486820.8421052631,30513.157894736843,0.6891304347826087,1.381578947368421,2.3157894736842106
7426,26.0,0.5769230769230769,0.3076923076923077,0.5,0.5769230769230769,5.230769230769231,1177728.076923077,20576.923076923078,0.7352941176470589,1.0384615384615385,1.5769230769230769
7427,48.0,0.75,0.22916666666666666,0.5833333333333334,0.7291666666666666,11.25,7816953.395833333,19350.625,0.8703703703703703,1.2916666666666667,1.9375
7428,12.0,0.16666666666666666,0.0,0.08333333333333333,0.16666666666666666,0.8333333333333334,129006.83333333333,2083.3333333333335,0.7,0.25,0.25
7429,2.0,1.0,0.0,0.5,1.0,10.0,6169685.5,32500.0,0.85,1.5,2.0
7430,72.0,0.8888888888888888,0.5555555555555556,0.7083333333333334,0.8055555555555556,10.180555555555555,1273926.0555555555,21027.777777777777,0.8635743519781719,1.75,2.138888888888889
7431,25.0,0.64,0.28,0.56,0.56,4.16,462452.68,17742.4,0.7403846153846154,1.2,1.52
7432,1.0,1.0,1.0,1.0,1.0,17.0,2447756.0,130000.0,0.47058823529411764,3.0,7.0
7433,51.0,0.6862745098039216,0.3333333333333333,0.5098039215686274,0.5686274509803921,4.470588235294118,920036.5490196078,44646.64705882353,0.5833333333333334,1.6274509803921569,2.196078431372549
7434,3.0,1.0,0.6666666666666666,1.0,1.0,3.6666666666666665,1180868.3333333333,22666.666666666668,0.8181818181818182,1.6666666666666667,2.3333333333333335
7436,5.0,0.4,0.0,0.4,0.4,6.2,110930.0,3000.0,0.9354838709677419,0.4,0.6
7437,1.0,0.0,0.0,0.0,0.0,0.0,0.0,0.0,0.0,0.0,0.0
7438,10.0,0.8,0.3,0.5,0.5,20.5,3025770.8,39800.0,0.9121951219512195,1.4,2.3
7439,3.0,1.0,0.6666666666666666,0.6666666666666666,0.6666666666666666,5.0,189373.33333333334,3333.3333333333335,0.9333333333333333,2.0,2.3333333333333335
7440,1.0,1.0,1.0,1.0,1.0,6.0,277473.0,60000.0,0.16666666666666666,2.0,3.0
7441,5.0,1.0,0.4,0.6,0.8,14.4,4893705.6,106594.0,0.4305555555555556,2.8,5.4
7444,1.0,1.0,1.0,1.0,1.0,62.0,15396009.0,529000.0,0.41935483870967744,4.0,14.0
7447,2.0,1.0,0.5,0.5,0.5,2.5,162000.0,15000.0,0.6,2.0,2.0
7450,1.0,1.0,1.0,1.0,1.0,31.0,8177100.0,208980.0,0.4838709677419355,4.0,6.0
7559,2.0,1.0,1.0,1.0,1.0,17.5,1043000.0,14499.5,0.8857142857142857,2.0,4.0
7623,809.0,0.7737948084054388,0.3547589616810878,0.6044499381953028,0.6996291718170581,12.99876390605686,1916119.3819530285,14664.064276885043,0.9136553822746292,1.3028430160692213,1.9369592088998764
7624,357.0,0.8571428571428571,0.19327731092436976,0.6050420168067226,0.7478991596638656,7.988795518207283,2832730.168067227,15827.675070028012,0.8316970546984572,1.4341736694677871,1.9803921568627452
7625,8.0,0.75,0.25,0.75,0.75,14.625,7921412.0,24125.0,0.8717948717948718,1.5,2.625
7650,154.0,0.5909090909090909,0.22727272727272727,0.38961038961038963,0.4805194805194805,6.097402597402597,226806.37662337662,12327.642857142857,0.7550585729499467,0.948051948051948,1.448051948051948
7817,631.0,0.3866877971473851,0.2019704433497537,0.3120567375886525,0.3510848126232742,2.324881141045959,209017.48177496038,6620.7115689381935,0.7416496250852079,0.6006339144215531,0.901743264659271
7818,20.0,0.35,0.21052631578947367,0.3125,0.2857142857142857,1.1,31050.0,1500.0,0.8181818181818182,0.45,0.55
7819,4.0,0.75,0.5,1.0,1.0,4.0,373197.5,33750.0,0.3125,2.0,3.25
7820,4.0,1.0,0.5,1.0,1.0,14.25,8968924.0,75000.0,0.6842105263157895,2.5,4.0
7821,1.0,1.0,1.0,1.0,1.0,42.0,1049555.0,10000.0,0.9761904761904762,2.0,2.0
7824,3.0,1.0,0.6666666666666666,1.0,1.0,13.0,1195810.0,13333.333333333334,0.9230769230769231,1.6666666666666667,2.3333333333333335
7825,5.0,0.2,0.0,0.0,0.2,0.2,2000.0,0.0,1.0,0.2,0.2
7826,3.0,0.6666666666666666,0.6666666666666666,0.6666666666666666,1.0,5.666666666666667,1075958.0,11666.666666666666,0.8235294117647058,1.3333333333333333,2.0
7828,1.0,0.0,0.0,0.0,0.0,0.0,0.0,0.0,0.0,0.0,0.0
7834,1.0,0.0,0.0,0.0,0.0,0.0,0.0,0.0,0.0,0.0,0.0
7842,7.0,0.14285714285714285,0.0,0.0,0.0,0.2857142857142857,34500.0,5000.0,0.5,0.2857142857142857,0.2857142857142857
7847,4.0,1.0,0.75,0.6666666666666666,1.0,12.75,1359350.0,4925.0,0.9607843137254902,1.25,2.0
7880,42.0,0.8809523809523809,0.14285714285714285,0.6666666666666666,0.8333333333333334,12.380952380952381,8837915.714285715,15999.214285714286,0.9,1.5238095238095237,2.5714285714285716
7965,26.0,0.8461538461538461,0.4230769230769231,0.7307692307692307,0.8076923076923077,21.807692307692307,2476010.6923076925,50916.53846153846,0.8024691358024691,1.7692307692307692,2.923076923076923
7971,1.0,1.0,0.0,0.0,0.0,1.0,40500.0,0.0,1.0,1.0,1.0
7980,3.0,0.3333333333333333,0.0,0.3333333333333333,0.3333333333333333,2.6666666666666665,164616.66666666666,0.0,1.0,0.3333333333333333,0.3333333333333333
7991,1.0,1.0,1.0,1.0,1.0,16.0,2042410.0,242000.0,0.0,3.0,4.0
7993,4.0,0.5,0.25,0.25,0.5,1.25,8575.0,2750.0,0.6,0.75,1.0
8063,491.0,0.6802443991853361,0.1694560669456067,0.5352798053527981,0.7437722419928826,3.684317718940937,1917732.6252545824,10532.468431771895,0.7822001105583195,1.0224032586558045,1.3319755600814664
8064,1.0,0.0,0.0,0.0,0.0,0.0,0.0,0.0,0.0,0.0,0.0
8069,68.0,0.2647058823529412,0.07352941176470588,0.17647058823529413,0.2647058823529412,2.073529411764706,1089332.1911764706,10058.823529411764,0.6737588652482269,0.4411764705882353,0.6764705882352942
8113,162.0,0.6296296296296297,0.2716049382716049,0.4382716049382716,0.4876543209876543,10.185185185185185,744072.0987654321,21437.345679012345,0.8406060606060606,1.1049382716049383,1.7530864197530864
8120,1.0,0.0,0.0,0.0,0.0,0.0,0.0,0.0,0.0,0.0,0.0
8126,80.0,0.7875,0.3875,0.55,0.6375,14.55,1785256.75,33886.45,0.8264604810996563,1.5625,2.4625
8177,1.0,1.0,1.0,1.0,1.0,1.0,77526.0,20000.0,0.0,1.0,1.0
8182,4.0,0.75,0.5,0.75,0.75,16.25,4446126.5,55000.0,0.8615384615384616,2.0,2.75
8201,1.0,1.0,1.0,1.0,1.0,8.0,1945484.0,112000.0,0.25,3.0,4.0
8202,1251.0,0.5459632294164668,0.2733812949640288,0.3876898481215028,0.4404476418864908,5.709832134292566,573412.1398880895,27706.181454836133,0.6686266274674506,1.008792965627498,1.5107913669064748
8203,85.0,0.7294117647058823,0.38823529411764707,0.5176470588235295,0.5647058823529412,4.905882352941177,299488.7411764706,41227.635294117645,0.5635491606714629,1.1647058823529413,1.7294117647058824
8205,50.0,0.62,0.26,0.44,0.48,3.08,222422.52,28439.38,0.35714285714285715,1.06,1.44
8208,1.0,1.0,0.0,1.0,1.0,19.0,3711500.0,126000.0,0.5789473684210527,3.0,5.0
8217,4.0,1.0,0.25,1.0,1.0,8.25,630429.75,52500.0,0.48484848484848486,2.0,3.75
8224,1.0,0.0,0.0,0.0,0.0,0.0,0.0,0.0,0.0,0.0,0.0
8236,2.0,1.0,0.5,1.0,1.0,10.5,1698532.0,47000.0,0.6190476190476191,2.5,3.5
8248,1456.0,0.8660714285714286,0.2129120879120879,0.5556318681318682,0.7239010989010989,8.218406593406593,2739427.7603021977,23201.21291208791,0.7787899047300685,1.6490384615384615,2.2383241758241756
8255,1.0,1.0,1.0,1.0,1.0,7.0,1940700.0,20000.0,0.8571428571428571,2.0,3.0
8257,1.0,1.0,1.0,1.0,1.0,69.0,4189929.0,36000.0,0.9130434782608695,3.0,8.0
8265,2.0,0.5,0.5,0.5,0.5,0.5,46000.0,20000.0,0.0,0.5,0.5
8267,3.0,1.0,0.3333333333333333,0.6666666666666666,1.0,31.666666666666668,2192005.0,14366.666666666666,0.9263157894736842,2.0,2.6666666666666665
8273,4.0,1.0,0.5,0.75,1.0,9.5,3542844.75,67500.0,0.6052631578947368,1.25,2.0
8276,2.0,0.5,0.0,0.0,0.5,7.5,1291859.5,22500.0,0.7333333333333333,1.0,2.0
8279,12.0,0.75,0.4166666666666667,0.75,0.75,23.666666666666668,3533569.4166666665,69500.0,0.8063380281690141,3.0833333333333335,6.083333333333333
8289,419.0,0.5560859188544153,0.1957040572792363,0.35799522673031026,0.4510739856801909,4.5536992840095465,1022230.7923627686,29168.5584725537,0.7636268343815513,1.0787589498806682,1.3794749403341289
8292,4.0,0.75,0.25,0.5,0.5,2.25,162125.0,2250.0,0.8888888888888888,1.0,1.25
8300,1260.0,0.7793650793650794,0.16825396825396827,0.569047619047619,0.7258964143426295,5.23968253968254,2913029.503968254,11592.904761904761,0.8312632535595275,1.2142857142857142,1.607936507936508
8301,7.0,0.7142857142857143,0.2857142857142857,0.6666666666666666,1.0,1.8571428571428572,1285959.857142857,25000.0,0.3076923076923077,1.2857142857142858,1.5714285714285714
8309,73.0,0.7397260273972602,0.4383561643835616,0.589041095890411,0.6164383561643836,16.28767123287671,4486408.863013699,57333.69863013698,0.7611438183347351,1.63013698630137,2.7260273972602738
8324,4.0,0.75,0.0,0.25,0.5,2.75,415158.25,33500.0,0.45454545454545453,1.5,2.0
8356,2.0,1.0,0.0,0.5,0.5,1.5,168290.0,0.0,1.0,1.0,1.0
8359,1.0,1.0,0.0,0.0,1.0,3.0,298500.0,20000.0,0.6666666666666666,2.0,2.0
8384,25.0,0.92,0.56,0.8,0.88,19.32,7416016.24,20918.4,0.9089026915113871,1.88,2.64
8386,1944.0,0.6779835390946503,0.22890946502057613,0.41975308641975306,0.5005144032921811,6.67798353909465,722751.7602880659,14231.366769547325,0.8108149745801879,1.1203703703703705,1.5977366255144032
8388,6.0,0.5,0.0,0.3333333333333333,0.3333333333333333,9.833333333333334,2320000.0,7333.333333333333,0.847457627118644,0.5,0.8333333333333334
8409,451.0,0.8514412416851441,0.4789356984478936,0.6762749445676275,0.7583148558758315,14.42128603104213,2932197.4589800444,17809.09756097561,0.9191266912669127,1.8048780487804879,2.3702882483370287
8412,14.0,0.14285714285714285,0.07142857142857142,0.14285714285714285,0.14285714285714285,2.7857142857142856,273493.5,13928.57142857143,0.717948717948718,0.35714285714285715,0.7142857142857143
8417,2.0,0.5,0.5,0.5,0.5,31.0,2211845.0,482500.0,0.03225806451612903,4.0,13.0
8447,4.0,0.75,0.25,0.5,0.75,9.0,944800.0,59245.0,0.3611111111111111,1.5,3.25
8464,5.0,0.6,0.4,0.6,0.6,8.2,1510644.6,61000.0,0.5609756097560976,1.6,2.2
8466,2.0,0.5,0.5,0.5,0.5,11.5,1532143.5,22000.0,0.8260869565217391,2.0,2.5
8485,1.0,0.0,0.0,0.0,0.0,0.0,0.0,0.0,0.0,0.0,0.0
8495,11.0,0.5454545454545454,0.18181818181818182,0.45454545454545453,0.45454545454545453,2.4545454545454546,554944.5454545454,11818.181818181818,0.6666666666666666,1.1818181818181819,1.4545454545454546
8500,196.0,0.5867346938775511,0.29081632653061223,0.46938775510204084,0.5510204081632653,6.178571428571429,343455.5051020408,31113.163265306124,0.620148637489678,1.0255102040816326,1.6887755102040816
8501,31.0,0.3548387096774194,0.2903225806451613,0.2903225806451613,0.2903225806451613,6.419354838709677,2575130.9032258065,55096.77419354839,0.3869346733668342,0.9032258064516129,1.935483870967742
8504,1.0,0.0,0.0,0.0,0.0,0.0,0.0,0.0,0.0,0.0,0.0
8507,1.0,1.0,1.0,1.0,1.0,20.0,2169050.0,335000.0,0.0,4.0,6.0
8513,2.0,0.5,0.5,0.5,0.5,5.0,37400.0,5000.0,0.9,1.5,2.0
8532,29.0,0.6206896551724138,0.3793103448275862,0.41379310344827586,0.5862068965517241,8.206896551724139,292721.8965517241,11792.068965517241,0.8361344537815126,1.0689655172413792,1.6896551724137931
8533,2.0,0.5,0.0,0.5,0.5,4.0,70747.0,18500.0,0.5,1.5,1.5
8571,32.0,0.6875,0.15625,0.5,0.5625,3.375,511199.0625,11150.5625,0.7962962962962963,0.9375,1.21875
8573,30.0,0.8333333333333334,0.3,0.6666666666666666,0.7666666666666667,5.8,342858.9666666667,17399.666666666668,0.8275862068965517,1.8666666666666667,2.0
8578,196.0,0.8112244897959183,0.41836734693877553,0.673469387755102,0.7346938775510204,14.826530612244898,1471689.0102040817,16800.658163265307,0.9153475567790778,1.596938775510204,2.0306122448979593
8584,67.0,0.7164179104477612,0.14925373134328357,0.43283582089552236,0.5074626865671642,6.835820895522388,1186318.223880597,41276.79104477612,0.7860262008733624,1.5522388059701493,2.074626865671642
8585,12.0,0.6666666666666666,0.16666666666666666,0.4166666666666667,0.5714285714285714,1.3333333333333333,81287.66666666667,0.0,1.0,0.8333333333333334,1.0
8586,2.0,0.5,0.5,0.5,0.5,4.0,48660.0,7000.0,0.75,0.5,2.0
8587,9.0,0.8888888888888888,0.3333333333333333,0.8888888888888888,0.8888888888888888,30.22222222222222,2195647.6666666665,51443.333333333336,0.875,2.111111111111111,3.4444444444444446
8589,1164.0,0.8805841924398625,0.29381443298969073,0.6254295532646048,0.781786941580756,8.287800687285223,2569524.0103092785,23421.9029209622,0.7722608064683322,1.679553264604811,2.3024054982817868
8590,13.0,0.46153846153846156,0.15384615384615385,0.23076923076923078,0.23076923076923078,4.923076923076923,693474.9230769231,27461.53846153846,0.703125,1.2307692307692308,1.7692307692307692
8597,23.0,0.6086956521739131,0.17391304347826086,0.5217391304347826,0.5652173913043478,3.6956521739130435,365548.26086956525,3695.6521739130435,0.8941176470588236,1.173913043478261,1.3043478260869565
8612,51.0,0.7058823529411765,0.23529411764705882,0.5294117647058824,0.6666666666666666,8.27450980392157,8279443.843137255,16406.392156862745,0.8175355450236966,1.196078431372549,2.0392156862745097
8613,3.0,1.0,0.3333333333333333,0.3333333333333333,0.6666666666666666,5.0,1682162.3333333333,20000.0,0.7333333333333333,2.0,2.3333333333333335
8625,1.0,1.0,1.0,1.0,1.0,2.0,40000.0,2000.0,0.5,1.0,1.0
8652,1.0,0.0,0.0,0.0,0.0,0.0,0.0,0.0,0.0,0.0,0.0
8653,1.0,0.0,0.0,0.0,0.0,0.0,0.0,0.0,0.0,0.0,0.0
8693,6.0,0.8333333333333334,0.5,0.6666666666666666,0.6666666666666666,29.833333333333332,2848166.6666666665,10000.0,0.9608938547486033,1.5,1.5
8695,194.0,0.711340206185567,0.36082474226804123,0.6030927835051546,0.6494845360824743,10.283505154639176,1008369.4793814434,23658.701030927834,0.8085213032581454,1.2938144329896908,1.9793814432989691
8696,367.0,0.7438692098092643,0.23433242506811988,0.5204359673024523,0.6321525885558583,8.6566757493188,991435.5885558584,10242.5068119891,0.8835379288637079,1.1907356948228882,1.7002724795640327
8697,2.0,0.5,0.5,0.5,0.5,50.0,21201087.0,7500.0,0.98,1.5,1.5
8699,1.0,1.0,0.0,0.0,1.0,18.0,9243349.0,45000.0,0.8333333333333334,3.0,5.0
8705,22.0,0.7727272727272727,0.45454545454545453,0.7272727272727273,0.7272727272727273,12.227272727272727,2178632.727272727,7317.727272727273,0.9330855018587361,1.5,1.7727272727272727
8717,4.0,0.75,0.5,0.5,0.5,4.0,333976.75,1250.0,0.9375,1.25,1.25
8721,408.0,0.8112745098039216,0.4534313725490196,0.6593137254901961,0.7475490196078431,13.884803921568627,1992518.443627451,12326.46568627451,0.9373345101500441,1.7034313725490196,2.1642156862745097
8723,6.0,0.8333333333333334,0.0,0.5,0.6666666666666666,14.666666666666666,1154581.0,15000.0,0.9318181818181818,1.8333333333333333,2.5
8724,1.0,1.0,1.0,1.0,1.0,23.0,1346981.0,395000.0,0.0,3.0,4.0
8726,2.0,0.5,0.5,0.5,0.5,2.0,270500.0,100000.0,0.0,0.5,0.5
8729,5.0,0.6,0.2,0.4,0.6,9.2,687097.0,88600.0,0.3695652173913043,1.6,2.6
8755,1.0,1.0,0.0,1.0,1.0,37.0,2979565.0,481000.0,0.05405405405405406,6.0,19.0
8801,2.0,1.0,1.0,1.0,1.0,9.5,385423.5,46500.0,0.3684210526315789,2.0,2.5
8808,3.0,0.3333333333333333,0.3333333333333333,0.3333333333333333,0.3333333333333333,2.0,605348.6666666666,28333.333333333332,0.16666666666666666,1.0,1.0
8810,2.0,0.5,0.0,0.0,0.0,0.5,1056442.0,0.0,1.0,0.5,0.5
8811,3.0,0.6666666666666666,0.6666666666666666,0.6666666666666666,0.6666666666666666,13.666666666666666,3190304.6666666665,60333.333333333336,0.7560975609756098,2.3333333333333335,2.6666666666666665
8830,1.0,1.0,1.0,1.0,1.0,13.0,9583260.0,40000.0,0.8461538461538461,5.0,7.0
8833,3.0,1.0,0.3333333333333333,1.0,1.0,12.333333333333334,3872297.6666666665,70000.0,0.6486486486486487,3.0,4.0
8836,62.0,0.8548387096774194,0.41935483870967744,0.7096774193548387,0.8064516129032258,8.387096774193548,1854961.7580645161,4225.4838709677415,0.9403846153846154,1.435483870967742,1.7903225806451613
8851,29.0,0.7931034482758621,0.10344827586206896,0.5862068965517241,0.7241379310344828,4.172413793103448,720886.9310344828,15862.068965517241,0.768595041322314,1.2413793103448276,1.5517241379310345
8859,1.0,1.0,0.0,0.0,1.0,4.0,21569949.0,40000.0,0.5,2.0,2.0
8862,152.0,0.868421052631579,0.23026315789473684,0.631578947368421,0.8092105263157895,6.131578947368421,1673178.1973684211,24374.736842105263,0.7027896995708155,1.5460526315789473,2.1907894736842106
8872,2.0,1.0,0.0,0.5,0.5,7.5,930433.0,44000.0,0.7333333333333333,2.5,2.5
8888,17.0,0.5294117647058824,0.17647058823529413,0.35294117647058826,0.4117647058823529,1.5294117647058822,152491.70588235295,2352.9411764705883,0.8846153846153846,0.6470588235294118,0.6470588235294118
8898,170.0,0.611764705882353,0.3860759493670886,0.7,0.8611111111111112,3.4941176470588236,802180.2176470588,7041.176470588235,0.8754208754208754,0.9705882352941176,1.2176470588235293
8899,14.0,0.6428571428571429,0.14285714285714285,0.3076923076923077,0.7,12.357142857142858,1604229.9285714286,7642.857142857143,0.9421965317919075,1.1428571428571428,1.7142857142857142
8901,29.0,0.8620689655172413,0.4827586206896552,0.7857142857142857,0.8148148148148148,9.931034482758621,2020893.5172413792,2758.6206896551726,0.9618055555555556,1.3448275862068966,1.4482758620689655
8908,4.0,0.5,0.5,0.5,0.3333333333333333,4.0,480158.5,6250.0,0.875,1.0,1.5
8909,1.0,0.0,0.0,0.0,0.0,0.0,0.0,0.0,0.0,0.0,0.0
8910,1.0,1.0,1.0,1.0,1.0,5.0,462049.0,20000.0,0.6,2.0,3.0
8911,2.0,1.0,1.0,1.0,1.0,22.0,12490420.0,2500.0,0.9772727272727273,2.0,2.0
8915,2.0,0.5,0.0,0.5,1.0,1.0,192000.0,15000.0,0.0,0.5,0.5
8918,2.0,0.5,0.0,0.0,0.0,0.5,98200.0,0.0,1.0,0.5,0.5
8919,1.0,0.0,0.0,0.0,0.0,0.0,0.0,0.0,0.0,0.0,0.0
8922,2.0,1.0,0.5,1.0,1.0,7.0,1721988.0,40000.0,0.5714285714285714,3.5,4.5
8926,34.0,0.8235294117647058,0.625,0.9,0.9565217391304348,7.088235294117647,361231.9117647059,13088.235294117647,0.8091286307053942,1.1764705882352942,1.7058823529411764
8927,771.0,0.5149156939040207,0.2862849533954727,0.5525876460767947,0.669683257918552,5.232166018158236,478059.9143968872,5137.600518806745,0.9157164105106594,0.8015564202334631,1.1037613488975357
8928,52.0,0.8076923076923077,0.29411764705882354,0.75,0.8409090909090909,6.038461538461538,2059349.0192307692,12378.846153846154,0.8280254777070064,1.3653846153846154,1.8846153846153846
8929,55.0,0.9090909090909091,0.23636363636363636,0.7636363636363637,0.96,4.781818181818182,4755378.4,10200.0,0.7984790874524715,1.4181818181818182,1.8545454545454545
8930,16.0,0.8125,0.1875,0.8,0.875,3.6875,1098939.375,11687.5,0.6610169491525424,1.25,2.0
8931,12.0,0.6666666666666666,0.36363636363636365,0.6,0.7777777777777778,2.3333333333333335,679055.5833333334,2916.6666666666665,0.8214285714285714,1.0833333333333333,1.1666666666666667
8932,3740.0,0.28823529411764703,0.15870746354017728,0.2928679817905918,0.34254431699687177,2.0505347593582886,197834.33502673797,5525.0569518716575,0.8323119050723693,0.4286096256684492,0.6088235294117647
8933,136.0,0.5735294117647058,0.4,0.5648148148148148,0.6265060240963856,3.7941176470588234,88784.11029411765,6227.941176470588,0.8817829457364341,0.7058823529411765,1.0
8934,178.0,0.6235955056179775,0.20224719101123595,0.5,0.6028368794326241,3.865168539325843,695953.3707865168,13297.91011235955,0.7020348837209303,1.0786516853932584,1.4606741573033708
8935,43.0,0.7441860465116279,0.45,0.7096774193548387,0.85,6.3023255813953485,2163422.0465116277,37511.395348837206,0.7011070110701108,1.4651162790697674,2.3488372093023258
8936,22.0,0.7272727272727273,0.5,0.6363636363636364,0.7333333333333333,17.636363636363637,3670453.4545454546,32045.454545454544,0.8891752577319587,1.2272727272727273,2.0454545454545454
8937,24.0,0.7916666666666666,0.4583333333333333,0.782608695652174,0.9230769230769231,5.25,3477945.9166666665,17583.333333333332,0.8333333333333334,1.4583333333333333,2.0416666666666665
8938,10.0,0.1,0.0,0.1111111111111111,0.1111111111111111,0.3,306724.2,0.0,1.0,0.1,0.3
8939,9.0,0.8888888888888888,0.5555555555555556,0.75,1.0,6.555555555555555,4239486.666666667,30000.0,0.6779661016949152,2.0,3.4444444444444446
8940,26.0,0.6538461538461539,0.4,0.5,0.6923076923076923,3.8461538461538463,419475.6538461539,8730.73076923077,0.86,1.3846153846153846,1.5
8941,9.0,0.4444444444444444,0.3333333333333333,0.5714285714285714,0.5,2.0,278809.8888888889,16666.666666666668,0.5555555555555556,1.0,1.2222222222222223
8942,75.0,0.6,0.38235294117647056,0.6176470588235294,0.7857142857142857,3.92,946253.2933333333,12199.866666666667,0.8605442176870748,0.9733333333333334,1.28
8943,20.0,0.55,0.42105263157894735,0.5333333333333333,0.8888888888888888,3.15,611216.05,45900.0,0.4126984126984127,1.05,1.7
8944,6.0,0.6666666666666666,0.16666666666666666,0.6,1.0,3.3333333333333335,721728.0,25833.333333333332,0.65,1.5,2.0
8945,35.0,0.8857142857142857,0.5588235294117647,0.84375,0.8571428571428571,18.02857142857143,12422387.771428572,14141.714285714286,0.9461172741679873,1.5142857142857142,1.9142857142857144
8947,1.0,0.0,0.0,0.0,0.0,0.0,0.0,0.0,0.0,0.0,0.0
8949,1.0,1.0,0.0,1.0,0.0,2.0,603636.0,85000.0,0.0,1.0,2.0
8951,5.0,0.8,0.6,1.0,1.0,2.2,155920.0,3000.0,0.9090909090909091,1.4,1.4
8952,5.0,1.0,0.6,0.75,1.0,5.6,757246.2,39000.0,0.6785714285714286,3.2,4.2
8953,1.0,1.0,0.0,1.0,0.0,4.0,233000.0,0.0,1.0,2.0,3.0
8954,1.0,1.0,1.0,0.0,0.0,8.0,1123931.0,55000.0,0.75,2.0,5.0
8957,2.0,1.0,0.0,1.0,1.0,2.0,215682.0,17500.0,0.5,1.5,1.5
8958,1.0,1.0,1.0,0.0,0.0,5.0,2055200.0,30000.0,0.6,4.0,4.0
8960,1.0,1.0,1.0,1.0,0.0,4.0,320000.0,40000.0,0.5,2.0,4.0
8964,5.0,0.4,0.4,1.0,0.0,1.6,37800.0,2000.0,0.875,0.8,1.0
8985,66.0,0.2727272727272727,0.15151515151515152,0.21212121212121213,0.25757575757575757,3.8181818181818183,1282893.2575757576,47990.0,0.21031746031746032,0.8484848484848485,1.9696969696969697
8992,6.0,0.5,0.0,0.16666666666666666,0.3333333333333333,3.5,807018.3333333334,19000.0,0.6666666666666666,0.6666666666666666,1.1666666666666667
8993,10.0,0.9,0.4,0.7,0.8,4.5,343447.5,14000.0,0.7333333333333333,1.7,1.9
9006,7.0,0.42857142857142855,0.14285714285714285,0.2857142857142857,0.2857142857142857,2.142857142857143,957350.7142857143,7000.0,0.8,0.7142857142857143,0.8571428571428571
9017,420.0,0.8238095238095238,0.19285714285714287,0.5476190476190477,0.7404761904761905,6.561904761904762,2243638.845238095,16532.75238095238,0.785921625544267,1.3761904761904762,1.8523809523809525
9018,48.0,0.8541666666666666,0.20833333333333334,0.5416666666666666,0.7708333333333334,6.979166666666667,2127319.8333333335,22874.791666666668,0.7522388059701492,1.3958333333333333,2.0416666666666665
9019,26.0,0.9615384615384616,0.2692307692307692,0.7307692307692307,0.8076923076923077,6.076923076923077,2742115.3846153845,21384.615384615383,0.7025316455696202,1.6538461538461537,2.1923076923076925
9020,10.0,0.6,0.2,0.5,0.6,3.4,77400.0,1396.0,0.8529411764705882,1.0,1.3
9036,3.0,1.0,0.3333333333333333,0.3333333333333333,0.6666666666666666,2.0,184116.66666666666,0.0,1.0,1.0,1.0
9037,676.0,0.40828402366863903,0.1202435312024353,0.32269503546099293,0.5305466237942122,2.2677514792899407,1533600.8668639052,7409.816568047338,0.7286366601435095,0.6671597633136095,0.8920118343195266
9038,1.0,0.0,0.0,0.0,0.0,0.0,0.0,0.0,0.0,0.0,0.0
9039,15.0,0.2,0.0,0.23076923076923078,0.1,0.26666666666666666,90218.6,666.6666666666666,0.75,0.2,0.2
9050,2.0,1.0,1.0,1.0,1.0,5.5,445400.0,22500.0,0.7272727272727273,1.5,1.5
9057,113.0,0.5752212389380531,0.168141592920354,0.40707964601769914,0.5398230088495575,2.84070796460177,425331.9203539823,20578.035398230088,0.7445482866043613,1.0884955752212389,1.345132743362832
9061,1.0,1.0,0.0,1.0,1.0,4.0,522000.0,112000.0,0.5,3.0,3.0
9097,232.0,0.14224137931034483,0.06896551724137931,0.09051724137931035,0.09691629955947137,0.6379310344827587,1941897.573275862,5778.017241379311,0.5878378378378378,0.23275862068965517,0.33620689655172414
9099,10.0,0.8,0.2,0.4,0.6,7.4,555728.8,12600.0,0.8783783783783784,2.0,2.1
9100,24.0,0.75,0.25,0.625,0.7083333333333334,3.7916666666666665,275807.2916666667,22993.75,0.6813186813186813,1.7083333333333333,2.0833333333333335
9139,261.0,0.5478927203065134,0.26053639846743293,0.44061302681992337,0.5019157088122606,4.605363984674329,214919.7011494253,13529.885057471265,0.7346089850249584,0.8812260536398467,1.4329501915708813
9140,24.0,0.5416666666666666,0.2916666666666667,0.4166666666666667,0.5416666666666666,6.125,1014700.4583333334,66138.25,0.3197278911564626,1.4166666666666667,3.0
9142,2.0,0.5,0.5,0.5,0.5,13.5,7826085.5,38500.0,0.8148148148148148,1.0,2.5
9153,149.0,0.3422818791946309,0.15436241610738255,0.2751677852348993,0.30201342281879195,2.174496644295302,351217.8456375839,5905.838926174497,0.8148148148148148,0.6040268456375839,0.7651006711409396
9158,19.0,0.8421052631578947,0.3157894736842105,0.6842105263157895,0.7368421052631579,19.526315789473685,3173489.4210526315,15736.842105263158,0.9514824797843666,1.7894736842105263,2.6315789473684212
9162,1.0,1.0,0.0,0.0,0.0,2.0,38000.0,0.0,1.0,1.0,1.0
9167,463.0,0.6781857451403888,0.3174946004319654,0.5269978401727862,0.6112311015118791,7.144708423326134,556550.6695464363,13150.194384449243,0.8225513905683193,1.0539956803455723,1.6220302375809936
9169,491.0,0.6293279022403259,0.2545824847250509,0.45621181262729127,0.560081466395112,6.6456211812627295,785545.6802443992,9367.535641547862,0.8596383695985289,0.9959266802443992,1.45010183299389
9170,110.0,0.7818181818181819,0.32727272727272727,0.5909090909090909,0.7090909090909091,6.381818181818182,844718.5454545454,7599.545454545455,0.896011396011396,1.3727272727272728,1.8272727272727274
9179,231.0,0.4025974025974026,0.1941747572815534,0.4857142857142857,0.6231884057971014,2.4891774891774894,317661.29004329006,6199.12987012987,0.8643478260869565,0.670995670995671,0.8051948051948052
9185,2.0,1.0,0.5,1.0,1.0,11.0,1216604.5,0.0,1.0,2.0,3.0
9189,3.0,0.3333333333333333,0.3333333333333333,0.3333333333333333,0.3333333333333333,6.333333333333333,1560380.3333333333,122333.33333333333,0.0,1.0,4.0
9206,13.0,0.6153846153846154,0.46153846153846156,0.6153846153846154,0.6153846153846154,11.0,1866076.2307692308,4153.846153846154,0.958041958041958,1.3846153846153846,1.6153846153846154
9230,2.0,0.5,0.0,0.0,0.0,0.5,10000.0,2500.0,0.0,0.5,0.5
9242,1.0,1.0,0.0,1.0,1.0,2.0,116000.0,0.0,1.0,1.0,1.0
9243,8.0,0.625,0.5,0.5,0.625,13.25,267375.0,10373.75,0.9339622641509434,1.0,2.0
9246,1.0,1.0,0.0,1.0,1.0,13.0,7552698.0,10000.0,0.9230769230769231,2.0,3.0
9250,1.0,0.0,0.0,0.0,0.0,0.0,0.0,0.0,0.0,0.0,0.0
9251,1.0,1.0,1.0,1.0,1.0,8.0,639190.0,10000.0,0.875,2.0,2.0
9268,2.0,1.0,0.5,1.0,1.0,8.5,5484550.0,20000.0,0.7647058823529411,2.0,2.0
9269,5.0,0.8,0.4,0.8,0.8,15.6,2779936.2,82594.0,0.6153846153846154,2.2,3.6
9274,3.0,1.0,0.0,1.0,1.0,34.0,5048829.0,110333.33333333333,0.7745098039215687,3.6666666666666665,11.333333333333334
9283,7.0,0.8571428571428571,0.2857142857142857,0.7142857142857143,0.8571428571428571,7.142857142857143,1708945.2857142857,22642.85714285714,0.8,1.5714285714285714,2.142857142857143
9284,1.0,1.0,0.0,1.0,1.0,1.0,10000.0,0.0,1.0,1.0,1.0
9285,7.0,0.7142857142857143,0.2857142857142857,0.7142857142857143,0.75,3.0,328659.71428571426,9285.714285714286,0.7142857142857143,1.2857142857142858,1.5714285714285714
9287,134.0,0.7238805970149254,0.23134328358208955,0.624,0.78,4.350746268656716,2805340.1268656715,7817.164179104478,0.8593481989708405,1.126865671641791,1.5149253731343284
9290,1.0,1.0,1.0,1.0,1.0,8.0,1338551.0,10000.0,0.75,2.0,4.0
9291,1.0,1.0,1.0,1.0,1.0,8.0,3030558.0,10000.0,0.875,2.0,3.0
9298,1.0,1.0,0.0,0.0,1.0,1.0,265000.0,0.0,1.0,1.0,1.0
9307,1.0,1.0,1.0,1.0,1.0,3.0,110000.0,0.0,1.0,1.0,1.0
9308,1.0,0.0,0.0,0.0,0.0,0.0,0.0,0.0,0.0,0.0,0.0
9310,2.0,1.0,0.5,0.5,1.0,15.0,1770522.5,62995.0,0.7666666666666667,2.0,4.5
9311,3.0,0.6666666666666666,0.0,0.6666666666666666,0.6666666666666666,1.3333333333333333,35000.0,0.0,1.0,1.0,1.0
9317,2.0,0.5,0.5,0.5,0.5,4.5,159800.0,15000.0,0.7777777777777778,2.0,2.5
9318,1.0,1.0,0.0,0.0,1.0,1.0,125000.0,56000.0,0.0,1.0,1.0
9319,11.0,0.8181818181818182,0.36363636363636365,0.5454545454545454,0.7272727272727273,20.0,559162.7272727273,7675.454545454545,0.8954545454545455,1.2727272727272727,2.1818181818181817
9320,1.0,1.0,1.0,1.0,1.0,7.0,602300.0,0.0,1.0,3.0,5.0
9321,1.0,0.0,0.0,0.0,0.0,0.0,0.0,0.0,0.0,0.0,0.0
9341,1.0,1.0,1.0,1.0,1.0,30.0,1672311.0,392990.0,0.03333333333333333,6.0,16.0
9345,7.0,0.7142857142857143,0.42857142857142855,0.42857142857142855,0.7142857142857143,2.142857142857143,180428.57142857142,1428.5714285714287,0.9333333333333333,1.4285714285714286,1.5714285714285714
9350,5.0,0.4,0.0,0.0,0.2,0.8,65340.0,0.0,1.0,0.6,0.8
9354,115.0,0.6086956521739131,0.11403508771929824,0.4392523364485981,0.5714285714285714,2.782608695652174,515854.26086956525,6191.304347826087,0.8625,0.8869565217391304,1.1130434782608696
9364,3.0,1.0,0.0,1.0,1.0,12.0,170000.0,3333.3333333333335,0.9722222222222222,1.6666666666666667,1.6666666666666667
9386,244.0,0.7991803278688525,0.2540983606557377,0.6065573770491803,0.7418032786885246,4.209016393442623,2084687.5778688525,13883.606557377048,0.762414800389484,1.319672131147541,1.6967213114754098
9387,488.0,0.7950819672131147,0.25614754098360654,0.6065573770491803,0.7540983606557377,4.956967213114754,2398330.520491803,14864.879098360656,0.7701529557668458,1.2971311475409837,1.7950819672131149
9395,18.0,0.8888888888888888,0.4444444444444444,0.7777777777777778,0.8888888888888888,6.611111111111111,870679.3333333334,7222.222222222223,0.9327731092436975,1.8333333333333333,2.2777777777777777
9413,7.0,0.7142857142857143,0.2857142857142857,0.7142857142857143,0.7142857142857143,5.142857142857143,389204.28571428574,17857.14285714286,0.7777777777777778,1.1428571428571428,1.5714285714285714
9416,2.0,1.0,0.0,1.0,1.0,2.5,160500.0,8000.0,0.8,1.5,1.5
9421,4.0,0.75,0.25,0.5,0.75,4.25,366892.0,7500.0,0.8235294117647058,0.75,1.0
9422,8.0,0.75,0.0,0.25,0.625,5.25,383831.5,13495.0,0.6904761904761905,1.375,2.5
9426,3.0,1.0,0.6666666666666666,1.0,1.0,23.333333333333332,13070500.0,2333.3333333333335,0.9714285714285714,1.3333333333333333,2.0
9427,1.0,1.0,1.0,1.0,1.0,100.0,10840050.0,5000.0,0.99,2.0,2.0
9445,7.0,1.0,0.8571428571428571,1.0,1.0,42.0,1330850.0,25714.285714285714,0.9421768707482994,3.2857142857142856,4.857142857142857
9448,578.0,0.8200692041522492,0.513840830449827,0.7231833910034602,0.8027681660899654,11.103806228373703,1606894.8996539793,10509.778546712803,0.9287940168276722,1.5622837370242215,1.9740484429065743
9470,1.0,1.0,1.0,1.0,1.0,2.0,55306.0,20000.0,0.5,2.0,2.0
9499,1.0,1.0,0.0,0.0,1.0,9.0,1021339.0,57000.0,0.3333333333333333,2.0,5.0
9522,446.0,0.6188340807174888,0.28475336322869954,0.48654708520179374,0.5627802690582959,5.695067264573991,432738.8430493274,8803.811659192825,0.8531496062992125,0.9439461883408071,1.3295964125560538
9524,1.0,1.0,0.0,1.0,1.0,4.0,6388000.0,15000.0,0.75,1.0,1.0
9537,26.0,0.8076923076923077,0.6538461538461539,0.8076923076923077,0.8076923076923077,9.0,564575.5384615385,11265.384615384615,0.8717948717948718,1.6923076923076923,2.0
9538,32.0,0.71875,0.46875,0.59375,0.65625,5.25,632592.03125,7000.0,0.8809523809523809,1.25,1.78125
9541,3.0,1.0,1.0,1.0,1.0,17.666666666666668,259333.33333333334,17500.0,0.8679245283018868,1.0,2.3333333333333335
9551,1.0,0.0,0.0,0.0,0.0,0.0,0.0,0.0,0.0,0.0,0.0
9558,3.0,0.3333333333333333,0.3333333333333333,0.3333333333333333,0.3333333333333333,1.3333333333333333,151605.33333333334,3333.3333333333335,0.75,0.6666666666666666,1.0
9564,1.0,0.0,0.0,0.0,0.0,0.0,0.0,0.0,0.0,0.0,0.0
9571,2.0,0.5,0.5,0.5,0.5,7.5,384020.0,12500.0,0.8666666666666667,1.5,2.5
9578,2.0,1.0,0.5,1.0,1.0,4.0,1137950.0,70000.0,0.125,2.5,3.0
9579,6.0,0.6666666666666666,0.3333333333333333,0.5,0.6666666666666666,3.1666666666666665,624126.1666666666,35833.333333333336,0.5789473684210527,1.6666666666666667,2.1666666666666665
9580,2.0,0.0,0.0,0.0,0.0,0.0,0.0,0.0,0.0,0.0,0.0
9581,1.0,0.0,0.0,0.0,0.0,0.0,0.0,0.0,0.0,0.0,0.0
9605,3.0,0.6666666666666666,0.6666666666666666,0.6666666666666666,0.6666666666666666,2.6666666666666665,250333.33333333334,2333.3333333333335,0.75,1.0,1.0
9614,1.0,1.0,0.0,1.0,1.0,1.0,46800.0,10000.0,0.0,1.0,1.0
9620,16.0,0.625,0.1875,0.375,0.5,4.3125,758473.125,2500.0,0.9565217391304348,0.75,0.875
9622,3.0,0.6666666666666666,0.0,0.3333333333333333,0.6666666666666666,1.3333333333333333,388114.0,8333.333333333334,0.75,1.0,1.0
9627,19.0,0.47368421052631576,0.15789473684210525,0.42105263157894735,0.7142857142857143,1.105263157894737,160785.42105263157,10315.78947368421,0.6666666666666666,0.8947368421052632,1.0526315789473684
9631,3.0,1.0,0.0,0.6666666666666666,1.0,10.0,568666.6666666666,10666.666666666666,0.8666666666666667,2.3333333333333335,3.3333333333333335
9632,211.0,0.44549763033175355,0.27014218009478674,0.38388625592417064,0.43601895734597157,1.5023696682464456,453430.6066350711,20543.60663507109,0.5993690851735016,0.7014218009478673,0.8151658767772512
9643,2.0,0.5,0.5,0.5,0.5,3.5,63500.0,0.0,1.0,0.5,0.5
9645,89.0,0.10112359550561797,0.0898876404494382,0.0898876404494382,0.10112359550561797,1.3932584269662922,370629.76404494385,13151.685393258427,0.3870967741935484,0.33707865168539325,0.5842696629213483
9646,50.0,0.44,0.26,0.44,0.4,0.82,226754.58,9580.0,0.6341463414634146,0.5,0.56
9648,2.0,1.0,0.5,1.0,1.0,16.0,1513378.5,20000.0,0.9375,2.5,4.5
9649,5.0,0.6,0.2,0.6,0.6,1.6,215900.0,8000.0,0.75,0.6,0.8
9650,193.0,0.14507772020725387,0.07772020725388601,0.05673758865248227,0.09836065573770492,0.6632124352331606,126216.14507772021,9735.751295336788,0.25,0.2849740932642487,0.46632124352331605
9651,166.0,0.10240963855421686,0.07878787878787878,0.10303030303030303,0.087248322147651,0.7951807228915663,125437.7891566265,6804.21686746988,0.4166666666666667,0.2469879518072289,0.45180722891566266
9664,2.0,0.0,0.0,0.0,0.0,0.0,0.0,0.0,0.0,0.0,0.0
9669,76.0,0.4868421052631579,0.36764705882352944,0.5,0.6190476190476191,7.5131578947368425,2269763.460526316,24460.526315789473,0.819614711033275,0.9605263157894737,1.4605263157894737
9689,9.0,0.7777777777777778,0.25,0.5,0.0,1.7777777777777777,169072.22222222222,6111.111111111111,0.625,1.0,1.0
9700,11.0,0.7272727272727273,0.36363636363636365,0.7272727272727273,0.7272727272727273,3.3636363636363638,940326.1818181818,11363.636363636364,0.7837837837837838,1.4545454545454546,1.7272727272727273
9702,47.0,0.425531914893617,0.1276595744680851,0.28888888888888886,0.3333333333333333,1.2553191489361701,239169.27659574468,9085.106382978724,0.7457627118644068,0.6595744680851063,0.7872340425531915
9705,171.0,0.4327485380116959,0.18181818181818182,0.39568345323741005,0.5108695652173914,1.3216374269005848,145893.95321637427,10431.684210526315,0.6814159292035398,0.7134502923976608,0.8362573099415205
9709,3.0,0.6666666666666666,0.3333333333333333,0.3333333333333333,0.6666666666666666,8.333333333333334,2109425.0,0.0,1.0,1.6666666666666667,2.6666666666666665
9732,99.0,0.20202020202020202,0.14634146341463414,0.28846153846153844,0.4074074074074074,0.5757575757575758,88558.61616161616,5717.171717171717,0.5263157894736842,0.31313131313131315,0.36363636363636365
9734,2.0,1.0,1.0,1.0,1.0,7.5,2435950.0,10000.0,0.8666666666666667,2.5,2.5
9735,11.0,0.45454545454545453,0.2727272727272727,0.45454545454545453,0.3333333333333333,1.9090909090909092,78445.45454545454,1818.1818181818182,0.9047619047619048,0.5454545454545454,0.7272727272727273
9736,39.0,0.6666666666666666,0.48717948717948717,0.5641025641025641,0.6176470588235294,2.641025641025641,290604.28205128206,9538.461538461539,0.6990291262135923,0.8461538461538461,1.205128205128205
9738,1.0,1.0,0.0,1.0,0.0,2.0,369043.0,0.0,1.0,1.0,1.0
9739,3.0,0.3333333333333333,0.3333333333333333,0.3333333333333333,0.3333333333333333,5.666666666666667,821389.3333333334,86333.33333333333,0.11764705882352941,1.6666666666666667,4.0
9740,1.0,1.0,1.0,1.0,0.0,12.0,5019092.0,40000.0,0.75,3.0,6.0
9745,11.0,0.7272727272727273,0.2727272727272727,0.45454545454545453,0.7,2.8181818181818183,111504.45454545454,2181.818181818182,0.8709677419354839,0.8181818181818182,1.2727272727272727
9746,17.0,0.4117647058823529,0.11764705882352941,0.29411764705882354,0.4666666666666667,3.235294117647059,94358.11764705883,1764.7058823529412,0.9454545454545454,0.7647058823529411,0.9411764705882353
9749,1.0,1.0,0.0,1.0,1.0,5.0,410000.0,10000.0,0.8,2.0,2.0
9756,3.0,1.0,1.0,1.0,1.0,11.0,7050916.666666667,1666.6666666666667,0.9696969696969697,1.3333333333333333,1.6666666666666667
9768,3.0,0.6666666666666666,0.3333333333333333,0.6666666666666666,0.6666666666666666,8.666666666666666,491422.3333333333,20000.0,0.8461538461538461,1.3333333333333333,2.6666666666666665
9770,181.0,0.6685082872928176,0.20441988950276244,0.48066298342541436,0.6464088397790055,3.883977900552486,1214050.4309392264,10563.53591160221,0.813655761024182,1.1104972375690607,1.425414364640884
9771,418.0,0.7655502392344498,0.23444976076555024,0.5956937799043063,0.7392344497607656,3.7344497607655502,1828358.1483253588,7959.33014354067,0.8283151825752723,1.2583732057416268,1.5980861244019138
9773,129.0,0.7441860465116279,0.2248062015503876,0.5891472868217055,0.7131782945736435,4.217054263565892,2093536.0852713177,10782.945736434109,0.8161764705882353,1.1627906976744187,1.6124031007751938
9796,1.0,1.0,0.0,0.0,1.0,2.0,22000.0,0.0,1.0,1.0,1.0
9827,5.0,0.4,0.2,0.4,0.4,1.8,251565.8,0.0,1.0,0.6,0.8
9828,1.0,1.0,1.0,1.0,1.0,13.0,1069493.0,105000.0,0.8461538461538461,4.0,6.0
9897,12.0,0.3333333333333333,0.16666666666666666,0.3333333333333333,0.5,0.9166666666666666,46083.333333333336,13083.333333333334,0.45454545454545453,0.6666666666666666,0.6666666666666666
9898,126.0,0.23015873015873015,0.12280701754385964,0.19047619047619047,0.4375,0.7619047619047619,81469.61904761905,4484.126984126984,0.7395833333333334,0.35714285714285715,0.49206349206349204
9909,1.0,1.0,0.0,0.0,1.0,1.0,50000.0,0.0,1.0,1.0,1.0
9913,6.0,0.6666666666666666,0.5,0.6666666666666666,0.6666666666666666,11.5,1453335.1666666667,128416.66666666667,0.3333333333333333,2.6666666666666665,6.333333333333333
9928,46.0,0.34782608695652173,0.2391304347826087,0.32608695652173914,0.375,3.5217391304347827,435490.5869565217,6260.869565217391,0.9074074074074074,0.5434782608695652,0.6086956521739131
9929,3.0,0.3333333333333333,0.0,0.3333333333333333,0.0,0.3333333333333333,103545.33333333333,3333.3333333333335,0.0,0.3333333333333333,0.3333333333333333
9931,1.0,0.0,0.0,0.0,0.0,0.0,0.0,0.0,0.0,0.0,0.0
9938,2.0,0.0,0.0,0.0,0.0,0.0,0.0,0.0,0.0,0.0,0.0
9948,1.0,1.0,1.0,1.0,1.0,4.0,71000.0,10000.0,0.75,2.0,3.0
9957,2.0,1.0,1.0,1.0,1.0,6.5,727822.0,107500.0,0.0,3.5,5.5
9958,2.0,0.5,0.5,0.5,0.5,4.5,102325.0,0.0,1.0,1.0,1.0
9963,1.0,1.0,1.0,1.0,1.0,12.0,3692600.0,80000.0,0.5833333333333334,2.0,5.0
9964,10.0,0.5,0.0,0.4,0.0,0.9,1026994.0,9000.0,0.5555555555555556,0.8,0.8
9967,8.0,0.25,0.0,0.25,0.0,0.25,123441.5,2500.0,0.5,0.25,0.25
9974,7.0,0.5714285714285714,0.42857142857142855,0.5714285714285714,0.5714285714285714,8.571428571428571,768535.7142857143,2000.0,0.95,1.1428571428571428,1.2857142857142858
9985,1.0,1.0,1.0,1.0,0.0,5.0,107000.0,0.0,1.0,2.0,3.0
9986,1.0,1.0,1.0,1.0,0.0,1.0,50000.0,0.0,1.0,1.0,1.0
9987,1.0,1.0,1.0,1.0,0.0,9.0,1232338.0,0.0,1.0,4.0,5.0
9995,15.0,0.3333333333333333,0.2,0.26666666666666666,0.3333333333333333,1.7333333333333334,335666.6666666667,2000.0,0.8461538461538461,0.4,0.4
10029,1.0,1.0,1.0,1.0,0.0,17.0,347000.0,10000.0,0.8823529411764706,1.0,2.0
10048,2.0,1.0,1.0,1.0,1.0,9.5,1325000.0,12500.0,0.8947368421052632,1.5,1.5
10057,1.0,1.0,1.0,1.0,0.0,5.0,363900.0,15000.0,0.8,2.0,2.0
10071,253.0,0.766798418972332,0.5177865612648221,0.7193675889328063,0.7783251231527094,9.66403162055336,1420958.0158102766,6779.01185770751,0.9525562372188139,1.2608695652173914,1.541501976284585
10072,84.0,0.75,0.38095238095238093,0.6428571428571429,0.7272727272727273,6.607142857142857,622103.9404761905,4928.571428571428,0.9423423423423424,1.1666666666666667,1.4880952380952381
10073,1.0,0.0,0.0,0.0,0.0,0.0,0.0,0.0,0.0,0.0,0.0
10135,2.0,0.0,0.0,0.0,0.0,0.0,0.0,0.0,0.0,0.0,0.0
10140,13.0,0.46153846153846156,0.38461538461538464,0.4,0.0,7.846153846153846,361436.76923076925,32727.69230769231,0.2549019607843137,0.9230769230769231,1.9230769230769231
10142,1.0,0.0,0.0,0.0,0.0,0.0,0.0,0.0,0.0,0.0,0.0
10150,13.0,0.5384615384615384,0.15384615384615385,0.5454545454545454,0.0,1.6153846153846154,156693.23076923078,14615.384615384615,0.42857142857142855,0.6923076923076923,1.3846153846153846
10154,1.0,1.0,1.0,1.0,0.0,3.0,324000.0,0.0,1.0,1.0,1.0
10159,1.0,1.0,1.0,1.0,0.0,17.0,3186032.0,0.0,1.0,2.0,3.0
10183,3.0,0.0,0.0,0.0,0.0,0.0,0.0,0.0,0.0,0.0,0.0
10184,1.0,1.0,0.0,0.0,0.0,1.0,53000.0,0.0,1.0,1.0,1.0
10185,13.0,0.38461538461538464,0.15384615384615385,0.38461538461538464,0.0,0.9230769230769231,71582.30769230769,1538.4615384615386,0.9166666666666666,0.5384615384615384,0.6153846153846154
10187,2.0,1.0,0.5,1.0,0.0,5.5,146750.0,48999.5,0.2727272727272727,2.0,3.5
10193,17.0,0.5882352941176471,0.5294117647058824,0.5882352941176471,0.0,15.588235294117647,827776.4705882353,4705.882352941177,0.9735849056603774,0.9411764705882353,1.1176470588235294
10194,32.0,0.65625,0.21875,0.59375,1.0,1.65625,650222.625,12500.0,0.5283018867924528,1.0,1.40625
10195,265.0,0.6226415094339622,0.20754716981132076,0.5509433962264151,0.8571428571428571,1.950943396226415,807241.6679245284,5543.245283018868,0.793036750483559,0.9207547169811321,1.139622641509434
10196,5.0,0.2,0.2,0.2,0.0,0.2,100000.0,0.0,1.0,0.2,0.2
10197,32.0,0.5,0.1875,0.375,0.0,1.0625,238150.90625,3343.75,0.7058823529411765,0.6875,0.8125
10198,1.0,1.0,0.0,1.0,0.0,1.0,410000.0,0.0,1.0,1.0,1.0
10199,4.0,0.0,0.0,0.0,0.0,0.0,0.0,0.0,0.0,0.0,0.0
10220,1.0,0.0,0.0,0.0,0.0,0.0,0.0,0.0,0.0,0.0,0.0
10249,1478.0,0.401894451962111,0.150354609929078,0.43126967471143757,0.5,1.16914749661705,509019.87753721245,3323.4100135318,0.765625,0.5412719891745602,0.7023004059539919
10286,27.0,0.14814814814814814,0.15789473684210525,0.0,0.0,0.2222222222222222,23505.703703703704,1851.851851851852,0.8333333333333334,0.14814814814814814,0.14814814814814814
10290,12.0,0.75,0.7,0.3333333333333333,0.0,2.4166666666666665,340438.8333333333,32666.666666666668,0.1724137931034483,1.25,2.0833333333333335
10293,16.0,0.5,0.3125,0.5,0.0,4.9375,594233.75,15625.0,0.810126582278481,0.875,1.25
10306,4.0,0.25,0.0,0.25,0.0,0.5,47637.0,2500.0,0.5,0.5,0.5
10347,16.0,0.3125,0.3125,0.4,0.0,1.5,226237.875,16937.5,0.4583333333333333,0.9375,1.0625
10348,7.0,0.8571428571428571,0.5714285714285714,1.0,0.0,8.571428571428571,833364.0,45000.0,0.4666666666666667,1.8571428571428572,2.5714285714285716
10356,1.0,0.0,0.0,0.0,0.0,0.0,0.0,0.0,0.0,0.0,0.0
10358,2.0,0.0,0.0,0.0,0.0,0.0,0.0,0.0,0.0,0.0,0.0
10359,1.0,1.0,1.0,1.0,0.0,4.0,1757050.0,60000.0,0.5,2.0,2.0
10360,5.0,0.8,0.6,0.8,0.0,1.4,154125.0,3000.0,0.7142857142857143,1.4,1.4
10390,2.0,0.5,0.0,0.0,0.0,1.0,112500.0,10000.0,0.5,1.0,1.0
10391,7.0,0.14285714285714285,0.0,0.14285714285714285,0.0,0.5714285714285714,3528.5714285714284,0.0,1.0,0.14285714285714285,0.14285714285714285
10396,31.0,0.3225806451612903,0.20689655172413793,0.32,0.0,0.7741935483870968,8870.967741935483,515.8064516129032,0.875,0.41935483870967744,0.45161290322580644
10398,31.0,0.7419354838709677,0.2903225806451613,0.6129032258064516,0.0,3.5161290322580645,380868.48387096776,7645.1612903225805,0.8899082568807339,1.1612903225806452,1.3870967741935485
10399,9.0,0.6666666666666666,0.5555555555555556,0.6666666666666666,0.0,6.888888888888889,252555.55555555556,1111.111111111111,0.9838709677419355,0.7777777777777778,1.0
10404,11.0,0.36363636363636365,0.18181818181818182,0.36363636363636365,0.0,0.6363636363636364,84245.45454545454,0.0,1.0,0.36363636363636365,0.45454545454545453
10406,2.0,0.5,1.0,0.0,0.0,0.5,1758000.0,0.0,1.0,0.5,0.5
10413,10.0,0.8,0.6,0.8,0.0,5.1,769848.4,3000.0,0.9607843137254902,1.2,1.2
10414,13.0,0.46153846153846156,0.25,0.375,0.0,1.3076923076923077,383074.1538461539,7692.307692307692,0.8235294117647058,0.6153846153846154,0.6923076923076923
10425,14.0,0.2857142857142857,0.14285714285714285,0.2857142857142857,0.0,0.42857142857142855,29857.14285714286,0.0,1.0,0.2857142857142857,0.2857142857142857
10429,1.0,0.0,0.0,0.0,0.0,0.0,0.0,0.0,0.0,0.0,0.0
10431,4.0,0.0,0.0,0.0,0.0,0.0,0.0,0.0,0.0,0.0,0.0
10433,47.0,0.7446808510638298,0.40425531914893614,0.6382978723404256,0.0,9.297872340425531,1563931.5531914893,8468.08510638298,0.9427917620137299,1.2765957446808511,1.553191489361702
10434,6.0,0.6666666666666666,0.16666666666666666,0.6666666666666666,0.0,2.0,305833.3333333333,3333.3333333333335,0.9166666666666666,0.6666666666666666,0.6666666666666666
10436,4.0,0.5,0.0,0.6666666666666666,0.0,1.0,42500.0,0.0,1.0,1.0,1.0
10440,1.0,0.0,0.0,0.0,0.0,0.0,0.0,0.0,0.0,0.0,0.0
10441,1.0,0.0,0.0,0.0,0.0,0.0,0.0,0.0,0.0,0.0,0.0
10443,92.0,0.07608695652173914,0.056179775280898875,0.014084507042253521,0.0,0.18478260869565216,33462.25,1844.5652173913043,0.29411764705882354,0.10869565217391304,0.16304347826086957
10475,1.0,0.0,0.0,0.0,0.0,0.0,0.0,0.0,0.0,0.0,0.0
10478,1.0,0.0,0.0,0.0,0.0,0.0,0.0,0.0,0.0,0.0,0.0
10480,8.0,0.375,0.125,0.375,0.0,3.375,2754104.25,7500.0,0.8888888888888888,0.375,0.5
10487,1.0,0.0,0.0,0.0,0.0,0.0,0.0,0.0,0.0,0.0,0.0
10488,4.0,0.0,0.0,0.0,0.0,0.0,0.0,0.0,0.0,0.0,0.0
10493,2.0,0.0,0.0,0.0,0.0,0.0,0.0,0.0,0.0,0.0,0.0
10494,5.0,0.8,0.4,0.8,0.0,8.4,577400.0,0.0,1.0,1.0,1.0
10497,2.0,0.0,0.0,0.0,0.0,0.0,0.0,0.0,0.0,0.0,0.0
10498,1.0,0.0,0.0,0.0,0.0,0.0,0.0,0.0,0.0,0.0,0.0
10511,1.0,1.0,1.0,1.0,0.0,16.0,948911.0,271000.0,0.0,6.0,12.0
10523,1.0,0.0,0.0,0.0,0.0,0.0,0.0,0.0,0.0,0.0,0.0
10524,47.0,0.3829787234042553,0.30434782608695654,0.0,0.0,1.0,115494.9574468085,12085.106382978724,0.425531914893617,0.5957446808510638,0.7446808510638298
10526,3.0,0.6666666666666666,0.6666666666666666,0.0,0.0,1.6666666666666667,52716.666666666664,25666.666666666668,0.0,1.3333333333333333,1.6666666666666667
10528,1.0,0.0,0.0,0.0,0.0,0.0,0.0,0.0,0.0,0.0,0.0
10532,2.0,0.0,0.0,0.0,0.0,0.0,0.0,0.0,0.0,0.0,0.0
10533,1.0,0.0,0.0,0.0,0.0,0.0,0.0,0.0,0.0,0.0,0.0
10536,1.0,0.0,0.0,0.0,0.0,0.0,0.0,0.0,0.0,0.0,0.0
10540,47.0,0.23404255319148937,0.14285714285714285,0.0,0.0,0.46808510638297873,39586.085106382976,5063.829787234043,0.3181818181818182,0.3617021276595745,0.46808510638297873
10548,1.0,0.0,0.0,0.0,0.0,0.0,0.0,0.0,0.0,0.0,0.0
10552,2.0,0.5,1.0,0.0,0.0,1.0,158400.0,0.0,1.0,1.0,1.0
10602,1.0,0.0,0.0,0.0,0.0,0.0,0.0,0.0,0.0,0.0,0.0
10603,3.0,0.0,0.0,0.0,0.0,0.0,0.0,0.0,0.0,0.0,0.0
10606,7.0,0.8571428571428571,0.8333333333333334,0.0,0.0,3.5714285714285716,18642.85714285714,1857.142857142857,0.92,1.0,1.7142857142857142
10608,31.0,0.12903225806451613,0.07692307692307693,0.0,0.0,0.3548387096774194,26561.709677419356,1935.483870967742,0.45454545454545453,0.12903225806451613,0.25806451612903225
10609,4.0,0.0,0.0,0.0,0.0,0.0,0.0,0.0,0.0,0.0,0.0
10610,1.0,0.0,0.0,0.0,0.0,0.0,0.0,0.0,0.0,0.0,0.0
10619,1.0,0.0,0.0,0.0,0.0,0.0,0.0,0.0,0.0,0.0,0.0
10625,1.0,1.0,1.0,0.0,0.0,2.0,313428.0,120000.0,0.0,2.0,2.0
10632,184.0,0.16304347826086957,0.11320754716981132,0.25,0.0,0.40217391304347827,102921.95108695653,1913.0434782608695,0.6216216216216216,0.23369565217391305,0.28804347826086957
10636,46.0,0.17391304347826086,0.125,0.0,0.0,0.17391304347826086,23454.347826086956,217.3913043478261,0.875,0.17391304347826086,0.17391304347826086
10637,44.0,0.1590909090909091,0.12121212121212122,0.0,0.0,0.18181818181818182,16953.18181818182,0.0,1.0,0.1590909090909091,0.1590909090909091
10641,1.0,1.0,1.0,0.0,0.0,1.0,55000.0,0.0,1.0,1.0,1.0
10646,3.0,0.0,0.0,0.0,0.0,0.0,0.0,0.0,0.0,0.0,0.0
10669,1.0,1.0,1.0,0.0,0.0,6.0,188000.0,0.0,1.0,2.0,3.0
10670,109.0,0.10091743119266056,0.07407407407407407,0.0,0.0,0.4036697247706422,110515.9633027523,5137.614678899083,0.5227272727272727,0.1559633027522936,0.22935779816513763
10675,153.0,0.0718954248366013,0.05228758169934641,0.0,0.0,0.3464052287581699,70846.11111111111,5849.673202614379,0.09433962264150944,0.1895424836601307,0.3202614379084967
10677,13.0,0.38461538461538464,0.3333333333333333,0.0,0.0,2.5384615384615383,289288.0,8076.923076923077,0.7878787878787878,0.6153846153846154,0.8461538461538461
10678,1.0,0.0,0.0,0.0,0.0,0.0,0.0,0.0,0.0,0.0,0.0
10692,1.0,0.0,0.0,0.0,0.0,0.0,0.0,0.0,0.0,0.0,0.0
10712,1.0,1.0,1.0,0.0,0.0,10.0,416250.0,0.0,1.0,3.0,4.0
10759,1.0,0.0,0.0,0.0,0.0,0.0,0.0,0.0,0.0,0.0,0.0
10831,3.0,0.0,0.0,0.0,0.0,0.0,0.0,0.0,0.0,0.0,0.0
