acquisition_campaignID,NPU_Count,First_GMV,Avg_First_Amount,Median_First_Amount,Total_First_Discount,Avg_First_Discount,Dominant_First_Category,Dominant_Promotion_Type,First_month_min,First_month_max,First_Subsidy_Rate
5483,1,230000,230000.0,230000.0,15000,15000.0,Unknown_Group,voucher,2022-06-12 12:06:36.073,2022-06-12 12:06:36.073,0.06521739130434782
5489,1,50000,50000.0,50000.0,15000,15000.0,Unknown_Group,voucher,2022-10-19 09:22:07.080,2022-10-19 09:22:07.080,0.3
5736,20,20000,1000.0,1000.0,19800,990.0,Goods_Transaction,voucher,2022-10-26 16:53:32.453,2022-11-29 06:20:19.505,0.99
6306,2,60000,30000.0,30000.0,20000,10000.0,Access_Service,voucher,2022-06-12 06:09:35.203,2022-11-20 23:35:54.588,0.3333333333333333
6311,3,160000,53333.333333333336,55000.0,45000,15000.0,Goods_Transaction,voucher,2022-06-11 13:44:09.311,2022-08-04 09:29:26.774,0.28125
6312,12,240000,20000.0,20000.0,60000,5000.0,Goods_Transaction,voucher,2022-07-28 09:57:35.327,2022-11-26 23:31:35.509,0.25
6313,1,253852,253852.0,253852.0,10000,10000.0,Obligation_Payment,voucher,2022-06-16 13:39:36.380,2022-06-16 13:39:36.380,0.03939303216047146
6317,1,100000,100000.0,100000.0,10000,10000.0,Obligation_Payment,voucher,2022-07-30 08:03:02.709,2022-07-30 08:03:02.709,0.1
6580,50,2878000,57560.0,50000.0,500000,10000.0,Goods_Transaction,voucher,2022-06-02 08:21:42.979,2022-09-15 16:14:25.803,0.17373175816539263
6581,4,290000,72500.0,63000.0,40000,10000.0,OnDemand_Service,voucher,2022-06-27 10:10:01.114,2022-10-05 18:01:56.623,0.13793103448275862
6589,3,150000,50000.0,50000.0,15000,5000.0,Access_Service,voucher,2022-08-11 13:22:08.221,2022-10-02 07:12:54.572,0.1
6685,28,3102800,110814.28571428571,110000.0,1503000,53678.57142857143,Unknown_Group,direct discount,2022-06-09 09:39:36.490,2022-06-30 22:00:12.634,0.48440118602552534
6811,26,4100000,157692.3076923077,175000.0,1996000,76769.23076923077,Unknown_Group,direct discount,2022-06-09 14:02:48.376,2022-06-30 19:55:45.384,0.4868292682926829
7048,18,305160,16953.333333333332,18000.0,90000,5000.0,Access_Service,voucher,2022-06-04 19:57:36.879,2022-08-19 20:24:49.356,0.2949272512780181
7049,62,8654484,139588.4516129032,103052.5,1240000,20000.0,Obligation_Payment,voucher,2022-06-04 11:29:07.886,2022-08-20 11:15:58.578,0.1432783283209028
7050,32,7862065,245689.53125,194499.5,640000,20000.0,Obligation_Payment,voucher,2022-06-04 12:31:55.707,2022-09-08 10:45:31.327,0.08140354983073786
7052,63,34292034,544318.0,253300.0,315000,5000.0,Goods_Transaction,voucher,2022-06-02 09:41:03.764,2022-08-17 10:36:06.883,0.00918580682615677
7053,13,2060000,158461.53846153847,130000.0,195000,15000.0,Unknown_Group,voucher,2022-06-04 17:49:16.881,2022-08-18 13:27:12.514,0.09466019417475728
7054,60,14391450,239857.5,215000.0,900000,15000.0,Unknown_Group,voucher,2022-06-01 12:17:33.758,2022-08-18 16:16:14.153,0.06253713142178169
7059,2,3593840,1796920.0,1796920.0,300000,150000.0,Mobility_Service,voucher,2022-06-27 12:20:25.973,2022-08-05 18:12:16.144,0.08347617033590811
7060,3,12492240,4164080.0,4534000.0,600000,200000.0,Mobility_Service,voucher,2022-06-22 21:34:50.029,2022-07-16 10:27:21.076,0.04802981691033794
7062,2,816000,408000.0,408000.0,40000,20000.0,Goods_Transaction,voucher,2022-08-08 13:01:29.057,2022-08-15 10:24:22.396,0.049019607843137254
7066,1,69000,69000.0,69000.0,10000,10000.0,Interactive_Service,voucher,2022-06-08 20:36:01.184,2022-06-08 20:36:01.184,0.14492753623188406
7067,1,100000,100000.0,100000.0,20000,20000.0,Interactive_Service,voucher,2022-06-18 19:16:37.033,2022-06-18 19:16:37.033,0.2
7068,4,516000,129000.0,99000.0,120000,30000.0,Interactive_Service,voucher,2022-06-21 12:27:25.834,2022-07-22 19:42:43.627,0.23255813953488372
7069,1,140000,140000.0,140000.0,15000,15000.0,Financial_Service,voucher,2022-07-13 20:41:00.177,2022-07-13 20:41:00.177,0.10714285714285714
7075,3,507000,169000.0,169000.0,60000,20000.0,Daily_Consumption,voucher,2022-06-10 18:39:22.044,2022-06-20 19:07:20.502,0.11834319526627218
7077,2,470000,235000.0,235000.0,40000,20000.0,Daily_Consumption,voucher,2022-06-01 11:53:42.116,2022-06-12 11:44:56.169,0.0851063829787234
7080,1,101000,101000.0,101000.0,15000,15000.0,Daily_Consumption,voucher,2022-08-13 19:54:04.546,2022-08-13 19:54:04.546,0.1485148514851485
7289,543,552000,1016.5745856353591,1000.0,537580,990.0184162062615,Goods_Transaction,voucher,2022-06-01 02:23:25.129,2022-10-07 18:46:59.205,0.9738768115942029
7421,1355,78239202,57741.10848708487,20000.0,13550000,10000.0,Access_Service,voucher,2022-06-01 00:02:22.282,2022-09-14 21:42:38.165,0.17318683797413986
7422,536,6000000,11194.029850746268,10000.0,2680000,5000.0,Access_Service,voucher,2022-06-01 08:18:21.449,2022-09-08 08:48:37.469,0.44666666666666666
7423,44,2177880,49497.27272727273,23950.0,220000,5000.0,Access_Service,voucher,2022-06-01 11:33:00.208,2022-09-03 17:43:07.904,0.10101566661156722
7424,434,202348233,466240.168202765,298441.5,15190000,35000.0,Obligation_Payment,voucher,2022-06-01 17:18:08.790,2022-08-26 09:57:26.529,0.0750686070977452
7425,76,10119799,133155.25,88667.0,1520000,20000.0,Obligation_Payment,voucher,2022-06-04 09:14:57.750,2022-08-18 15:29:21.144,0.15020061169199111
7426,26,5774945,222113.26923076922,184591.0,520000,20000.0,Obligation_Payment,voucher,2022-06-03 19:54:54.456,2022-08-15 15:37:19.697,0.09004414760660058
7427,48,91826530,1913052.7083333333,1518890.0,960000,20000.0,Obligation_Payment,voucher,2022-06-03 16:59:38.010,2022-08-23 08:26:33.747,0.010454495013587032
7428,12,5429000,452416.6666666667,183500.0,360000,30000.0,Obligation_Payment,voucher,2022-06-04 15:50:36.329,2022-07-20 07:47:00.766,0.06631055442991343
7429,2,2193500,1096750.0,1096750.0,50000,25000.0,Obligation_Payment,voucher,2022-06-02 14:03:41.302,2022-08-04 09:38:23.282,0.02279462046956918
7430,72,7552990,104902.63888888889,71875.0,1080000,15000.0,OnDemand_Service,voucher,2022-06-01 12:15:58.475,2022-08-17 19:50:50.721,0.14298972989504818
7431,25,6603526,264141.04,217000.0,250000,10000.0,Goods_Transaction,voucher,2022-06-02 07:16:01.972,2022-08-12 14:49:08.464,0.037858562228724475
7432,1,429000,429000.0,429000.0,20000,20000.0,Goods_Transaction,voucher,2022-07-21 20:13:24.582,2022-07-21 20:13:24.582,0.046620046620046623
7433,51,9669630,189600.58823529413,180000.0,1530000,30000.0,Unknown_Group,voucher,2022-06-01 17:26:28.171,2022-08-04 17:19:32.117,0.15822735719981013
7434,3,207000,69000.0,69000.0,90000,30000.0,Interactive_Service,voucher,2022-06-20 22:59:18.939,2022-07-24 20:43:15.116,0.43478260869565216
7436,5,7441160,1488232.0,1484440.0,500000,100000.0,Mobility_Service,voucher,2022-06-04 16:15:20.487,2022-08-14 09:09:12.231,0.06719382461874224
7437,1,1981240,1981240.0,1981240.0,150000,150000.0,Mobility_Service,voucher,2022-06-22 21:29:37.226,2022-06-22 21:29:37.226,0.07571016131311704
7438,10,33018760,3301876.0,2584140.0,2000000,200000.0,Mobility_Service,voucher,2022-06-02 17:23:16.615,2022-08-21 10:22:05.248,0.060571626554116506
7439,3,226000,75333.33333333333,52000.0,30000,10000.0,Goods_Transaction,voucher,2022-06-01 17:33:49.652,2022-07-11 22:57:37.453,0.13274336283185842
7440,1,67000,67000.0,67000.0,10000,10000.0,Goods_Transaction,voucher,2022-08-05 19:48:49.332,2022-08-05 19:48:49.332,0.14925373134328357
7441,5,2748890,549778.0,408690.0,100000,20000.0,Goods_Transaction,voucher,2022-07-02 09:59:27.721,2022-07-30 12:23:08.781,0.03637831997642685
7444,1,300000,300000.0,300000.0,20000,20000.0,Goods_Transaction,voucher,2022-08-02 23:25:01.840,2022-08-02 23:25:01.840,0.06666666666666667
7447,2,163400,81700.0,81700.0,40000,20000.0,Daily_Consumption,voucher,2022-06-09 10:41:37.139,2022-08-01 14:37:06.882,0.24479804161566707
7450,1,112000,112000.0,112000.0,30000,30000.0,Daily_Consumption,voucher,2022-07-23 18:52:49.245,2022-07-23 18:52:49.245,0.26785714285714285
7559,2,40000,20000.0,20000.0,20000,10000.0,Access_Service,voucher,2022-06-01 10:58:35.171,2022-06-01 19:23:27.284,0.5
7623,809,64792951,80090.17428924599,50000.0,8090000,10000.0,Access_Service,voucher,2022-06-01 02:44:39.394,2022-09-17 19:20:59.677,0.12485926131069412
7624,357,238863333,669084.9663865546,426410.0,8925000,25000.0,Obligation_Payment,voucher,2022-06-01 21:44:52.807,2022-09-11 08:45:25.890,0.03736446229694032
7625,8,10602000,1325250.0,1150000.0,200000,25000.0,Obligation_Payment,voucher,2022-06-03 20:34:37.324,2022-08-09 18:29:26.170,0.018864365214110546
7650,154,1790000,11623.376623376624,10000.0,1386000,9000.0,Access_Service,voucher,2022-06-01 02:44:04.271,2022-07-03 08:55:52.229,0.7743016759776536
7817,631,13100000,20760.69730586371,20000.0,6310000,10000.0,Access_Service,voucher,2022-06-01 21:18:57.578,2022-12-31 18:32:35.195,0.4816793893129771
7818,20,268950,13447.5,10000.0,100000,5000.0,Access_Service,voucher,2022-08-07 12:12:31.882,2022-12-31 19:32:08.700,0.3718163227365681
7819,4,608096,152024.0,160813.0,80000,20000.0,Obligation_Payment,voucher,2022-06-10 19:29:16.530,2022-12-12 20:21:39.794,0.13155817502499606
7820,4,332910,83227.5,78344.5,80000,20000.0,Obligation_Payment,voucher,2022-08-01 09:40:51.488,2022-10-18 21:16:02.905,0.24030518758823707
7821,1,258500,258500.0,258500.0,15000,15000.0,Obligation_Payment,voucher,2022-08-18 15:20:47.342,2022-08-18 15:20:47.342,0.058027079303675046
7824,3,190000,63333.333333333336,56000.0,60000,20000.0,OnDemand_Service,voucher,2022-07-19 20:25:25.723,2022-08-25 20:00:52.372,0.3157894736842105
7825,5,631240,126248.0,100000.0,75000,15000.0,Goods_Transaction,voucher,2022-06-14 13:02:11.270,2022-10-09 21:38:15.174,0.11881376338635068
7826,3,727074,242358.0,222343.0,45000,15000.0,Goods_Transaction,voucher,2022-10-12 15:26:51.145,2022-11-11 16:45:04.543,0.061891911964944424
7828,1,999000,999000.0,999000.0,30000,30000.0,Interactive_Service,voucher,2022-06-04 23:17:53.841,2022-06-04 23:17:53.841,0.03003003003003003
7834,1,442900,442900.0,442900.0,30000,30000.0,Goods_Transaction,voucher,2022-11-17 19:47:03.782,2022-11-17 19:47:03.782,0.06773538044705352
7842,7,350000,50000.0,50000.0,175000,25000.0,Daily_Consumption,voucher,2022-06-14 11:55:31.777,2022-06-15 18:29:43.906,0.5
7847,4,1090000,272500.0,200000.0,40000,10000.0,Interactive_Service,voucher,2022-07-17 12:45:06.870,2022-12-08 07:41:20.695,0.03669724770642202
7880,42,87948565,2094013.4523809524,1629992.0,2100000,50000.0,Obligation_Payment,voucher,2022-06-01 17:20:04.682,2022-07-09 20:19:12.389,0.023877592545142722
7965,26,989798,38069.153846153844,20000.0,260000,10000.0,Access_Service,voucher,2022-06-01 17:15:08.884,2022-06-23 18:12:02.804,0.2626798599310162
7971,1,31200,31200.0,31200.0,15000,15000.0,Daily_Consumption,direct discount,2022-06-14 19:16:48.714,2022-06-14 19:16:48.714,0.4807692307692308
7980,3,268000,89333.33333333333,76000.0,90000,30000.0,OnDemand_Service,voucher,2022-06-01 18:30:33.376,2022-06-05 22:01:44.172,0.3358208955223881
7991,1,59475,59475.0,59475.0,25000,25000.0,Goods_Transaction,voucher,2022-06-10 20:24:13.062,2022-06-10 20:24:13.062,0.4203446826397646
7993,4,50000,12500.0,10000.0,8000,2000.0,Access_Service,voucher,2022-06-02 21:37:22.859,2022-06-19 22:40:25.289,0.16
8063,491,410067988,835169.0183299389,533226.0,24550000,50000.0,Obligation_Payment,voucher,2022-06-02 12:07:46.319,2022-12-31 17:48:16.464,0.059868121185797124
8064,1,574309,574309.0,574309.0,20000,20000.0,Obligation_Payment,voucher,2022-12-14 09:04:16.232,2022-12-14 09:04:16.232,0.03482445861026033
8069,68,30220013,444411.95588235295,292209.5,3400000,50000.0,Obligation_Payment,voucher,2022-06-01 12:17:15.509,2022-06-22 23:04:26.204,0.11250822426846739
8113,162,2947640,18195.30864197531,10000.0,1458000,9000.0,Access_Service,voucher,2022-06-01 00:09:12.325,2022-06-02 23:26:58.888,0.4946329945312182
8120,1,18600,18600.0,18600.0,5000,5000.0,Access_Service,voucher,2022-06-16 19:08:33.298,2022-06-16 19:08:33.298,0.26881720430107525
8126,80,3402009,42525.1125,20000.0,800000,10000.0,Access_Service,voucher,2022-06-01 01:01:36.864,2022-06-30 17:41:17.856,0.23515516860772562
8177,1,1820000,1820000.0,1820000.0,100000,100000.0,OnDemand_Service,direct discount,2022-06-25 12:17:55.157,2022-06-25 12:17:55.157,0.054945054945054944
8182,4,530300,132575.0,73500.0,100000,25000.0,OnDemand_Service,voucher,2022-06-02 15:54:20.031,2022-06-03 15:16:16.137,0.18857250612860646
8201,1,100000,100000.0,100000.0,50000,50000.0,Goods_Transaction,direct discount,2022-06-09 10:22:59.450,2022-06-09 10:22:59.450,0.5
8202,1251,15450000,12350.119904076739,10000.0,11259000,9000.0,Access_Service,voucher,2022-06-01 12:07:32.718,2022-10-06 03:25:36.617,0.7287378640776699
8203,85,1700000,20000.0,20000.0,1615000,19000.0,Access_Service,voucher,2022-06-01 17:46:21.838,2022-08-23 09:10:13.947,0.95
8205,50,2550000,51000.0,50000.0,2450000,49000.0,Access_Service,voucher,2022-06-02 10:33:47.795,2022-07-28 23:26:43.006,0.9607843137254902
8208,1,165000,165000.0,165000.0,15000,15000.0,Goods_Transaction,direct discount,2022-06-12 20:49:13.643,2022-06-12 20:49:13.643,0.09090909090909091
8217,4,372300,93075.0,92150.0,60000,15000.0,OnDemand_Service,voucher,2022-06-14 16:47:12.424,2022-07-14 16:03:15.443,0.16116035455278002
8224,1,156128,156128.0,156128.0,10000,10000.0,Obligation_Payment,voucher,2022-07-04 21:54:35.617,2022-07-04 21:54:35.617,0.06405001024800164
8236,2,437100,218550.0,218550.0,30000,15000.0,Goods_Transaction,voucher,2022-06-01 18:37:57.235,2022-06-05 19:30:58.235,0.06863417982155114
8248,1456,834021178,572816.7431318681,397410.0,72800000,50000.0,Obligation_Payment,voucher,2022-06-01 06:43:41.048,2022-06-22 23:06:01.596,0.0872879513378496
8255,1,267000,267000.0,267000.0,20000,20000.0,Goods_Transaction,voucher,2022-06-24 08:18:02.220,2022-06-24 08:18:02.220,0.0749063670411985
8257,1,288654,288654.0,288654.0,5000,5000.0,Obligation_Payment,voucher,2022-06-17 08:41:28.193,2022-06-17 08:41:28.193,0.017321776244223187
8265,2,193000,96500.0,96500.0,80000,40000.0,Daily_Consumption,voucher,2022-06-18 17:09:23.546,2022-06-24 12:37:17.386,0.41450777202072536
8267,3,1470000,490000.0,500000.0,45000,15000.0,Mobility_Service,direct discount,2022-06-10 11:03:25.871,2022-06-24 17:27:18.634,0.030612244897959183
8273,4,1415000,353750.0,334000.0,80000,20000.0,Goods_Transaction,direct discount,2022-06-14 22:06:51.109,2022-06-23 09:16:25.752,0.05653710247349823
8276,2,2028700,1014350.0,1014350.0,40000,20000.0,Goods_Transaction,voucher,2022-06-19 12:28:22.255,2022-06-21 20:16:48.884,0.01971706018632622
8279,12,1041473,86789.41666666667,52500.0,180000,15000.0,Daily_Consumption,direct discount,2022-06-15 11:51:00.719,2022-08-19 14:16:49.381,0.1728321329501581
8289,419,88280818,210694.07637231503,190000.0,45333818,108195.26968973747,Unknown_Group,direct discount,2022-06-01 22:31:00.267,2022-08-03 17:10:34.815,0.5135183273902152
8292,4,653000,163250.0,151500.0,80000,20000.0,Daily_Consumption,direct discount,2022-06-15 17:39:03.054,2022-06-29 22:55:26.122,0.1225114854517611
8300,1260,1266076211,1004822.3896825397,574309.0,37800000,30000.0,Obligation_Payment,voucher,2022-06-02 20:26:19.432,2022-11-24 15:05:59.811,0.02985602262453378
8301,7,12940300,1848614.2857142857,540000.0,140000,20000.0,Obligation_Payment,voucher,2022-07-28 12:57:28.349,2022-12-13 22:44:42.244,0.010818914553758413
8309,73,4620280,63291.50684931507,19100.0,1095000,15000.0,Goods_Transaction,direct discount,2022-06-02 09:57:04.762,2022-06-30 21:22:14.751,0.23699862346005005
8324,4,1188000,297000.0,201000.0,100000,25000.0,Unknown_Group,direct discount,2022-06-01 10:28:53.699,2022-06-01 16:29:35.125,0.08417508417508418
8356,2,185000,92500.0,92500.0,20000,10000.0,Daily_Consumption,direct discount,2022-07-21 12:29:52.731,2022-08-20 13:53:00.091,0.10810810810810811
8359,1,134000,134000.0,134000.0,15000,15000.0,Daily_Consumption,direct discount,2022-08-13 11:09:42.767,2022-08-13 11:09:42.767,0.11194029850746269
8384,25,5248301,209932.04,148500.0,750000,30000.0,Goods_Transaction,direct discount,2022-06-04 10:57:54.133,2022-07-29 08:48:13.891,0.14290338911583006
8386,1944,42670182,21949.682098765432,10000.0,17496000,9000.0,Access_Service,voucher,2022-06-03 16:04:43.737,2022-07-02 23:39:25.491,0.4100287174776991
8388,6,320000,53333.333333333336,40000.0,60000,10000.0,Access_Service,voucher,2022-06-10 21:59:28.854,2022-06-30 19:27:10.048,0.1875
8409,451,87869805,194833.27050997782,100000.0,11275000,25000.0,OnDemand_Service,voucher,2022-06-10 10:33:01.369,2022-07-02 18:08:27.985,0.12831484034817192
8412,14,4624400,330314.28571428574,358900.0,700000,50000.0,Goods_Transaction,direct discount,2022-06-17 22:17:22.779,2022-06-20 14:34:32.700,0.15137098866880028
8417,2,53018,26509.0,26509.0,10000,5000.0,Daily_Consumption,voucher,2022-06-19 20:18:54.423,2022-06-27 19:08:24.659,0.18861518729488097
8447,4,40000,10000.0,10000.0,20000,5000.0,Access_Service,voucher,2022-07-01 18:44:05.913,2022-07-13 19:27:40.424,0.5
8464,5,2781940,556388.0,445740.0,100000,20000.0,Goods_Transaction,voucher,2022-07-17 14:19:33.175,2022-07-31 13:46:45.952,0.03594613830636175
8466,2,173000,86500.0,86500.0,50000,25000.0,Interactive_Service,voucher,2022-06-25 21:25:40.353,2022-06-30 22:15:11.093,0.28901734104046245
8485,1,68000,68000.0,68000.0,30000,30000.0,Daily_Consumption,voucher,2022-07-13 14:20:31.312,2022-07-13 14:20:31.312,0.4411764705882353
8495,11,1473700,133972.72727272726,107000.0,165000,15000.0,Goods_Transaction,voucher,2022-07-01 18:52:28.514,2022-07-30 20:49:47.922,0.11196308610979168
8500,196,4817900,24581.122448979593,20000.0,1960000,10000.0,Access_Service,voucher,2022-07-05 11:53:44.145,2022-08-30 22:20:16.755,0.4068162477427925
8501,31,2958896,95448.25806451614,56179.0,465000,15000.0,Obligation_Payment,voucher,2022-07-11 18:02:46.280,2022-08-18 21:52:07.481,0.15715320849397885
8504,1,100000,100000.0,100000.0,50000,50000.0,Unknown_Group,voucher,2022-08-14 14:56:07.776,2022-08-14 14:56:07.776,0.5
8507,1,250000,250000.0,250000.0,30000,30000.0,Goods_Transaction,voucher,2022-07-16 19:18:39.484,2022-07-16 19:18:39.484,0.12
8513,2,21700,10850.0,10850.0,10000,5000.0,Access_Service,voucher,2022-07-20 20:13:17.138,2022-08-16 20:13:08.826,0.4608294930875576
8532,29,400000,13793.103448275862,10000.0,58000,2000.0,Access_Service,voucher,2022-07-06 13:01:41.213,2022-09-01 13:41:11.403,0.145
8533,2,96049,48024.5,48024.5,20000,10000.0,Obligation_Payment,voucher,2022-07-25 16:52:15.376,2022-08-17 14:56:46.677,0.20822705077616632
8571,32,4136491,129265.34375,135000.0,1697000,53031.25,Unknown_Group,direct discount,2022-07-02 14:20:52.918,2022-07-31 13:47:21.559,0.410251104136332
8573,30,3965000,132166.66666666666,100000.0,2320000,77333.33333333333,Unknown_Group,direct discount,2022-07-01 15:09:54.361,2022-07-31 09:33:21.255,0.5851197982345523
8578,196,9310000,47500.0,47500.0,8330000,42500.0,Interactive_Service,direct discount,2022-06-30 09:56:07.258,2022-07-14 22:08:13.768,0.8947368421052632
8584,67,16699178,249241.46268656716,249090.0,1675000,25000.0,Unknown_Group,direct discount,2022-07-01 08:56:36.817,2022-07-07 15:49:26.516,0.10030433833329999
8585,12,2589010,215750.83333333334,189000.0,180000,15000.0,Goods_Transaction,direct discount,2022-07-31 15:53:48.538,2022-11-26 13:01:34.667,0.06952464455525471
8586,2,24020,12010.0,12010.0,18000,9000.0,Access_Service,voucher,2022-07-08 06:30:31.971,2022-07-08 20:55:11.712,0.7493755203996669
8587,9,2927000,325222.22222222225,308000.0,180000,20000.0,Goods_Transaction,direct discount,2022-07-08 11:17:54.622,2022-07-31 11:07:00.844,0.061496412709258624
8589,1164,807407625,693649.162371134,450017.5,58200000,50000.0,Obligation_Payment,voucher,2022-06-23 17:38:04.100,2022-07-27 22:47:13.017,0.07208254938142304
8590,13,2370000,182307.6923076923,150000.0,650000,50000.0,Unknown_Group,direct discount,2022-07-16 13:18:27.939,2022-07-31 23:59:49.866,0.2742616033755274
8597,23,8839000,384304.347826087,290000.0,1150000,50000.0,Mobility_Service,direct discount,2022-07-04 07:41:32.076,2022-08-31 23:05:27.193,0.13010521552211787
8612,51,100673968,1973999.3725490195,1460000.0,1530000,30000.0,Obligation_Payment,voucher,2022-07-01 11:09:05.806,2022-08-26 10:42:07.234,0.015197573219722501
8613,3,1756559,585519.6666666666,201545.0,150000,50000.0,Obligation_Payment,voucher,2022-07-13 10:25:52.744,2022-07-26 12:13:50.494,0.08539422814719004
8625,1,10000,10000.0,10000.0,1000,1000.0,Access_Service,voucher,2022-07-06 20:43:11.620,2022-07-06 20:43:11.620,0.1
8652,1,65000,65000.0,65000.0,5000,5000.0,Financial_Service,voucher,2022-07-12 15:09:53.192,2022-07-12 15:09:53.192,0.07692307692307693
8653,1,25000,25000.0,25000.0,6000,6000.0,Daily_Consumption,voucher,2022-07-29 08:55:53.044,2022-07-29 08:55:53.044,0.24
8693,6,840000,140000.0,140000.0,90000,15000.0,Interactive_Service,direct discount,2022-07-14 17:09:39.469,2022-07-23 15:07:46.946,0.10714285714285714
8695,194,9412185,48516.4175257732,20000.0,1940000,10000.0,Access_Service,voucher,2022-07-04 17:47:40.098,2022-08-02 18:26:06.248,0.20611579564150087
8696,367,19188086,52283.61307901907,27900.0,3670000,10000.0,Access_Service,voucher,2022-07-06 08:41:24.000,2022-08-03 18:49:47.303,0.19126451695077873
8697,2,495340,247670.0,247670.0,20000,10000.0,Goods_Transaction,direct discount,2022-07-06 19:52:54.633,2022-07-06 21:10:18.204,0.04037630718294505
8699,1,532995,532995.0,532995.0,50000,50000.0,Goods_Transaction,direct discount,2022-07-09 18:53:41.207,2022-07-09 18:53:41.207,0.09380951040816518
8705,22,1045000,47500.0,47500.0,1023000,46500.0,Interactive_Service,direct discount,2022-07-08 10:12:50.714,2022-07-19 20:50:52.268,0.9789473684210527
8717,4,190000,47500.0,47500.0,186000,46500.0,Interactive_Service,direct discount,2022-07-08 21:45:39.611,2022-07-17 16:39:14.416,0.9789473684210527
8721,408,74911860,183607.5,92600.0,6120000,15000.0,OnDemand_Service,voucher,2022-07-08 03:26:19.385,2022-08-01 18:15:20.100,0.08169600914995302
8723,6,480000,80000.0,80500.0,150000,25000.0,OnDemand_Service,voucher,2022-07-19 13:40:00.781,2022-08-12 15:50:34.158,0.3125
8724,1,240801,240801.0,240801.0,20000,20000.0,Goods_Transaction,voucher,2022-07-27 13:48:26.864,2022-07-27 13:48:26.864,0.08305613348781773
8726,2,702000,351000.0,351000.0,100000,50000.0,Goods_Transaction,voucher,2022-07-30 21:17:52.613,2022-07-31 08:14:59.645,0.14245014245014245
8729,5,393000,78600.0,88000.0,150000,30000.0,Financial_Service,voucher,2022-07-23 21:56:08.958,2022-07-29 12:54:37.568,0.3816793893129771
8755,1,100000,100000.0,100000.0,20000,20000.0,Financial_Service,voucher,2022-08-05 12:30:59.118,2022-08-05 12:30:59.118,0.2
8801,2,99000,49500.0,49500.0,30000,15000.0,Daily_Consumption,direct discount,2022-07-14 12:22:35.150,2022-07-14 15:46:26.676,0.30303030303030304
8808,3,1126300,375433.3333333333,322100.0,45000,15000.0,Goods_Transaction,voucher,2022-08-03 19:26:53.622,2022-08-27 15:00:01.676,0.03995383112847376
8810,2,1707400,853700.0,853700.0,40000,20000.0,Goods_Transaction,direct discount,2022-07-17 09:26:48.875,2022-07-18 13:24:55.319,0.023427433524657374
8811,3,2236793,745597.6666666666,589598.0,60000,20000.0,Goods_Transaction,voucher,2022-08-07 19:10:59.783,2022-08-20 19:29:08.852,0.026824118280055417
8830,1,10690000,10690000.0,10690000.0,50000,50000.0,Goods_Transaction,direct discount,2022-08-28 10:33:16.054,2022-08-28 10:33:16.054,0.004677268475210477
8833,3,790000,263333.3333333333,259000.0,45000,15000.0,Goods_Transaction,direct discount,2022-08-04 11:33:03.780,2022-08-27 19:42:44.706,0.056962025316455694
8836,62,13729650,221445.96774193548,100000.0,2480000,40000.0,Interactive_Service,direct discount,2022-07-19 09:17:19.146,2022-08-02 22:48:35.685,0.18063097019953167
8851,29,6037268,208181.6551724138,97000.0,261000,9000.0,Access_Service,direct discount,2022-07-28 21:22:22.329,2022-08-21 17:55:43.817,0.04323147489891123
8859,1,40000,40000.0,40000.0,10000,10000.0,Goods_Transaction,voucher,2022-08-26 23:35:20.949,2022-08-26 23:35:20.949,0.25
8862,152,92581546,609089.1184210526,445582.0,7600000,50000.0,Obligation_Payment,voucher,2022-07-30 11:09:20.897,2022-08-23 22:28:08.376,0.08208979357506084
8872,2,196000,98000.0,98000.0,80000,40000.0,Daily_Consumption,voucher,2022-08-01 19:20:21.243,2022-08-05 12:31:38.552,0.40816326530612246
8888,17,4239250,249367.64705882352,272500.0,255000,15000.0,Goods_Transaction,voucher,2022-08-01 11:44:29.365,2022-08-30 12:34:52.605,0.060152149554756146
8898,170,93921520,552479.5294117647,333930.0,850000,5000.0,Goods_Transaction,voucher,2022-10-06 11:00:35.017,2022-12-30 21:29:28.340,0.009050109069785072
8899,14,4263234,304516.71428571426,269500.0,140000,10000.0,Unknown_Group,voucher,2022-08-27 14:41:35.629,2022-12-16 12:12:02.655,0.03283891993730581
8901,29,13905000,479482.7586206897,285000.0,145000,5000.0,Interactive_Service,voucher,2022-08-21 11:32:12.071,2022-12-20 21:34:04.938,0.010427903631787127
8908,4,1765000,441250.0,395000.0,80000,20000.0,Mobility_Service,voucher,2022-08-30 23:36:11.601,2022-11-13 10:25:04.560,0.0453257790368272
8909,1,504500,504500.0,504500.0,20000,20000.0,Goods_Transaction,voucher,2022-12-24 13:32:48.392,2022-12-24 13:32:48.392,0.03964321110009911
8910,1,410000,410000.0,410000.0,20000,20000.0,Mobility_Service,voucher,2022-10-20 13:31:14.755,2022-10-20 13:31:14.755,0.04878048780487805
8911,2,881936,440968.0,440968.0,20000,10000.0,Goods_Transaction,voucher,2022-09-06 16:07:42.005,2022-10-02 12:46:58.545,0.02267738248580396
8915,2,1413000,706500.0,706500.0,60000,30000.0,Goods_Transaction,voucher,2022-10-19 08:58:21.971,2022-11-11 12:55:15.685,0.04246284501061571
8918,2,499200,249600.0,249600.0,40000,20000.0,Goods_Transaction,voucher,2022-12-03 15:23:48.249,2022-12-04 15:20:22.091,0.08012820512820513
8919,1,299000,299000.0,299000.0,20000,20000.0,Daily_Consumption,voucher,2022-12-11 16:42:07.474,2022-12-11 16:42:07.474,0.06688963210702341
8922,2,756000,378000.0,378000.0,60000,30000.0,Daily_Consumption,voucher,2022-09-30 17:58:25.579,2022-12-06 16:35:33.439,0.07936507936507936
8926,34,931000,27382.352941176472,20000.0,170000,5000.0,Access_Service,voucher,2022-08-27 12:39:25.915,2022-12-31 14:20:01.306,0.18259935553168635
8927,771,37971871,49250.15693904021,20000.0,3855000,5000.0,Access_Service,voucher,2022-08-19 13:55:33.384,2022-12-31 19:59:25.454,0.101522519130016
8928,52,37376276,718774.5384615385,341944.5,520000,10000.0,Obligation_Payment,voucher,2022-08-19 21:00:08.581,2022-12-30 17:53:30.798,0.013912568496658147
8929,55,86360305,1570187.3636363635,1530000.0,1375000,25000.0,Obligation_Payment,voucher,2022-09-07 22:16:54.059,2022-11-25 08:05:15.466,0.01592166678892577
8930,16,4114575,257160.9375,82784.0,160000,10000.0,Obligation_Payment,voucher,2022-09-05 19:34:18.038,2022-12-16 12:40:23.184,0.038886154706136114
8931,12,2448564,204047.0,180000.0,120000,10000.0,Obligation_Payment,voucher,2022-09-06 12:33:41.281,2022-12-26 15:31:25.666,0.049008316711345916
8932,3740,100459175,26860.741978609625,20000.0,37400000,10000.0,Access_Service,voucher,2022-08-19 11:53:33.831,2022-12-31 22:50:08.761,0.3722905349362067
8933,136,1613000,11860.29411764706,10000.0,680000,5000.0,Access_Service,voucher,2022-08-22 19:10:48.687,2022-12-31 12:54:45.260,0.42157470551766896
8934,178,76379198,429096.6179775281,295179.0,6230000,35000.0,Obligation_Payment,voucher,2022-08-20 20:18:22.100,2022-12-23 10:33:39.667,0.08156671139699581
8935,43,5266846,122484.79069767441,80963.0,860000,20000.0,Obligation_Payment,voucher,2022-08-19 20:45:59.420,2022-12-31 21:30:52.355,0.16328557926318713
8936,22,3549367,161334.86363636365,165000.0,440000,20000.0,Obligation_Payment,voucher,2022-08-26 20:03:51.305,2022-11-22 11:32:33.842,0.12396576629015822
8937,24,43958764,1831615.1666666667,1638000.0,480000,20000.0,Obligation_Payment,voucher,2022-09-09 16:45:19.283,2022-12-13 18:32:51.387,0.010919324301292912
8938,10,1649129,164912.9,167200.0,300000,30000.0,Obligation_Payment,voucher,2022-09-09 13:20:02.521,2022-12-12 16:00:47.716,0.18191421047110323
8939,9,13840465,1537829.4444444445,1550000.0,225000,25000.0,Obligation_Payment,voucher,2022-09-22 07:39:15.052,2022-12-07 18:21:09.069,0.016256679237294413
8940,26,2696390,103707.30769230769,87500.0,260000,10000.0,OnDemand_Service,voucher,2022-08-23 10:03:13.343,2022-12-28 18:31:25.423,0.09642522038725852
8941,9,3433923,381547.0,175000.0,90000,10000.0,Goods_Transaction,voucher,2022-09-22 17:48:04.092,2022-12-15 01:59:40.137,0.026209090885264463
8942,75,32738874,436518.32,276500.0,750000,10000.0,Goods_Transaction,voucher,2022-10-05 21:59:30.477,2022-12-31 17:08:44.759,0.02290854596892978
8943,20,4264544,213227.2,185500.0,800000,40000.0,Unknown_Group,voucher,2022-08-29 13:47:20.423,2022-12-28 20:41:05.432,0.18759332768052106
8944,6,504000,84000.0,84000.0,180000,30000.0,Interactive_Service,voucher,2022-09-02 14:39:20.428,2022-12-14 14:47:35.139,0.35714285714285715
8945,35,19509750,557421.4285714285,190000.0,700000,20000.0,Interactive_Service,voucher,2022-08-23 10:58:30.725,2022-12-30 11:35:22.634,0.035879496149361215
8947,1,4020240,4020240.0,4020240.0,200000,200000.0,Mobility_Service,voucher,2022-12-22 13:47:32.053,2022-12-22 13:47:32.053,0.0497482737349014
8949,1,390000,390000.0,390000.0,30000,30000.0,Mobility_Service,voucher,2022-11-27 10:46:55.353,2022-11-27 10:46:55.353,0.07692307692307693
8951,5,294000,58800.0,60000.0,100000,20000.0,Goods_Transaction,voucher,2022-10-06 06:30:21.734,2022-12-21 23:28:30.050,0.3401360544217687
8952,5,321000,64200.0,66000.0,100000,20000.0,Goods_Transaction,voucher,2022-08-30 18:14:12.502,2022-12-16 18:43:59.837,0.3115264797507788
8953,1,482920,482920.0,482920.0,30000,30000.0,Goods_Transaction,voucher,2022-11-06 10:56:37.038,2022-11-06 10:56:37.038,0.06212209061542284
8954,1,401000,401000.0,401000.0,30000,30000.0,Goods_Transaction,voucher,2022-12-12 09:12:13.606,2022-12-12 09:12:13.606,0.07481296758104738
8957,2,369000,184500.0,184500.0,60000,30000.0,Goods_Transaction,voucher,2022-08-25 23:11:59.063,2022-12-08 14:44:52.372,0.16260162601626016
8958,1,99000,99000.0,99000.0,15000,15000.0,Daily_Consumption,voucher,2022-12-10 14:13:41.648,2022-12-10 14:13:41.648,0.15151515151515152
8960,1,55000,55000.0,55000.0,15000,15000.0,Daily_Consumption,voucher,2022-12-01 11:51:09.942,2022-12-01 11:51:09.942,0.2727272727272727
8964,5,562000,112400.0,111000.0,150000,30000.0,Daily_Consumption,voucher,2022-11-10 14:12:46.352,2022-12-22 11:07:35.423,0.2669039145907473
8985,66,11831434,179264.15151515152,166457.5,1320000,20000.0,Obligation_Payment,direct discount,2022-07-30 13:18:00.680,2022-09-22 21:37:37.402,0.1115672030964294
8992,6,1174000,195666.66666666666,170000.0,150000,25000.0,Unknown_Group,direct discount,2022-08-01 12:23:06.383,2022-08-07 07:32:35.701,0.12776831345826234
8993,10,974000,97400.0,74000.0,150000,15000.0,Financial_Service,direct discount,2022-08-07 21:27:48.371,2022-08-28 16:02:27.276,0.1540041067761807
9006,7,12074450,1724921.4285714286,2500000.0,700000,100000.0,Goods_Transaction,direct discount,2022-08-20 08:49:14.392,2022-08-27 17:47:14.120,0.05797365511472572
9017,420,303497692,722613.5523809524,411346.5,21000000,50000.0,Obligation_Payment,voucher,2022-07-28 18:18:52.770,2022-08-23 23:11:32.621,0.06919327742367148
9018,48,26745271,557193.1458333334,387898.0,1440000,30000.0,Obligation_Payment,voucher,2022-08-04 20:07:09.727,2022-08-23 20:40:31.206,0.05384129403661679
9019,26,27967342,1075667.0,659214.5,1820000,70000.0,Obligation_Payment,voucher,2022-08-07 20:47:44.921,2022-08-23 11:13:56.660,0.06507590174282561
9020,10,10000,1000.0,1000.0,9900,990.0,Goods_Transaction,voucher,2022-07-31 12:50:48.869,2022-09-25 16:01:15.752,0.99
9036,3,527000,175666.66666666666,191000.0,45000,15000.0,Daily_Consumption,direct discount,2022-08-11 18:13:01.946,2022-08-24 11:37:18.653,0.08538899430740038
9037,676,374832397,554485.7943786982,378921.5,67600000,100000.0,Obligation_Payment,voucher,2022-08-02 20:48:00.562,2022-12-31 22:17:57.662,0.1803472713165719
9038,1,319105,319105.0,319105.0,30000,30000.0,Obligation_Payment,voucher,2022-12-16 14:41:02.208,2022-12-16 14:41:02.208,0.0940129424484104
9039,15,3248008,216533.86666666667,167381.0,750000,50000.0,Obligation_Payment,voucher,2022-10-27 20:25:11.096,2022-12-29 16:03:56.276,0.2309107613035436
9050,2,240200,120100.0,120100.0,60000,30000.0,Goods_Transaction,direct discount,2022-08-03 16:18:05.267,2022-08-27 09:04:08.977,0.2497918401332223
9057,113,20620818,182485.1150442478,130000.0,7347818,65024.93805309734,Unknown_Group,direct discount,2022-08-05 09:42:14.845,2022-09-30 17:49:49.278,0.3563300932096874
9061,1,115000,115000.0,115000.0,36000,36000.0,Unknown_Group,direct discount,2022-09-25 10:37:51.783,2022-09-25 10:37:51.783,0.3130434782608696
9097,232,355601160,1532763.6206896552,1500000.0,18560000,80000.0,Obligation_Payment,direct discount,2022-08-08 12:09:48.410,2022-11-29 09:31:06.105,0.052193305556146104
9099,10,1200000,120000.0,112500.0,230000,23000.0,Unknown_Group,direct discount,2022-08-05 16:03:04.183,2022-09-26 21:08:21.832,0.19166666666666668
9100,24,3215000,133958.33333333334,95000.0,1204000,50166.666666666664,Unknown_Group,direct discount,2022-08-05 23:05:49.774,2022-09-28 11:24:29.199,0.3744945567651633
9139,261,3820000,14636.015325670498,10000.0,1305000,5000.0,Access_Service,voucher,2022-08-19 13:23:17.724,2022-10-11 07:48:54.647,0.3416230366492147
9140,24,3048453,127018.875,82239.0,360000,15000.0,Obligation_Payment,voucher,2022-08-20 19:55:26.805,2022-10-23 15:46:06.036,0.11809268504385667
9142,2,8348000,4174000.0,4174000.0,30000,15000.0,Obligation_Payment,voucher,2022-10-01 13:31:38.393,2022-10-07 14:23:54.774,0.0035936751317680884
9153,149,15555150,104396.9798657718,47500.0,5960000,40000.0,Interactive_Service,direct discount,2022-08-05 10:47:00.726,2022-10-21 08:11:39.069,0.3831528464849262
9158,19,2136550,112450.0,104500.0,760000,40000.0,Interactive_Service,direct discount,2022-08-12 10:15:37.798,2022-09-05 17:40:11.183,0.35571365051133835
9162,1,42750,42750.0,42750.0,18000,18000.0,Interactive_Service,direct discount,2022-08-31 10:34:19.835,2022-08-31 10:34:19.835,0.42105263157894735
9167,463,11767640,25416.069114470843,10000.0,4167000,9000.0,Access_Service,voucher,2022-08-04 14:05:01.738,2022-09-05 23:35:02.176,0.3541066857925633
9169,491,24683584,50272.06517311609,20000.0,4910000,10000.0,Access_Service,voucher,2022-08-04 15:44:09.436,2022-09-05 22:25:33.138,0.19891762881759797
9170,110,18931108,172100.9818181818,129500.0,1650000,15000.0,Goods_Transaction,voucher,2022-08-09 05:58:09.502,2022-08-26 14:07:54.957,0.08715813147334008
9179,231,19763000,85554.11255411255,50000.0,4620000,20000.0,Daily_Consumption,direct discount,2022-08-19 22:15:02.062,2022-12-31 20:46:43.249,0.23377017659262259
9185,2,136290,68145.0,68145.0,30000,15000.0,OnDemand_Service,voucher,2022-08-06 12:03:17.955,2022-08-11 19:12:38.156,0.2201188641866608
9189,3,1240500,413500.0,397700.0,45000,15000.0,Goods_Transaction,voucher,2022-09-14 16:04:03.960,2022-10-01 00:09:39.586,0.036275695284159616
9206,13,247000,19000.0,19000.0,234000,18000.0,Interactive_Service,direct discount,2022-08-10 12:07:00.291,2022-08-23 05:07:44.220,0.9473684210526315
9230,2,120000,60000.0,60000.0,20000,10000.0,Access_Service,direct discount,2022-08-24 12:14:46.065,2022-08-24 12:45:33.852,0.16666666666666666
9242,1,43000,43000.0,43000.0,20000,20000.0,Daily_Consumption,direct discount,2022-10-14 12:15:34.383,2022-10-14 12:15:34.383,0.46511627906976744
9243,8,85000,10625.0,10000.0,40000,5000.0,Access_Service,voucher,2022-08-23 19:14:03.156,2022-09-25 12:50:33.900,0.47058823529411764
9246,1,165000,165000.0,165000.0,10000,10000.0,Obligation_Payment,voucher,2022-09-19 08:34:04.401,2022-09-19 08:34:04.401,0.06060606060606061
9250,1,125000,125000.0,125000.0,20000,20000.0,Unknown_Group,voucher,2022-09-23 01:02:16.923,2022-09-23 01:02:16.923,0.16
9251,1,108000,108000.0,108000.0,10000,10000.0,OnDemand_Service,voucher,2022-09-22 14:31:26.198,2022-09-22 14:31:26.198,0.09259259259259259
9268,2,1050500,525250.0,525250.0,30000,15000.0,Goods_Transaction,voucher,2022-08-26 22:16:37.753,2022-09-11 07:58:22.358,0.028557829604950024
9269,5,1913000,382600.0,415000.0,75000,15000.0,Goods_Transaction,direct discount,2022-09-21 07:45:36.089,2022-09-30 23:49:37.719,0.03920543648719289
9274,3,220000,73333.33333333333,76000.0,45000,15000.0,Daily_Consumption,direct discount,2022-09-12 08:44:40.494,2022-09-17 14:24:30.820,0.20454545454545456
9283,7,6600963,942994.7142857143,779531.0,140000,20000.0,Goods_Transaction,voucher,2022-09-02 13:57:20.130,2022-09-30 20:30:48.964,0.02120902662232768
9284,1,128000,128000.0,128000.0,25000,25000.0,Daily_Consumption,voucher,2022-09-15 11:16:12.769,2022-09-15 11:16:12.769,0.1953125
9285,7,638150,91164.28571428571,99000.0,105000,15000.0,Daily_Consumption,direct discount,2022-09-22 07:15:18.849,2022-11-17 07:56:08.291,0.16453811799733606
9287,134,207882485,1551361.828358209,1446610.0,6700000,50000.0,Obligation_Payment,voucher,2022-09-06 21:22:22.102,2022-12-19 14:46:20.812,0.032229747494119096
9290,1,327806,327806.0,327806.0,10000,10000.0,Obligation_Payment,voucher,2022-08-20 23:53:15.722,2022-08-20 23:53:15.722,0.03050584797105605
9291,1,208680,208680.0,208680.0,15000,15000.0,Goods_Transaction,voucher,2022-08-17 08:22:51.249,2022-08-17 08:22:51.249,0.0718803910293272
9298,1,248000,248000.0,248000.0,15000,15000.0,Daily_Consumption,direct discount,2022-09-27 14:46:02.364,2022-09-27 14:46:02.364,0.06048387096774194
9307,1,10000,10000.0,10000.0,5000,5000.0,Access_Service,voucher,2022-09-01 07:00:23.823,2022-09-01 07:00:23.823,0.5
9308,1,45000,45000.0,45000.0,10000,10000.0,Daily_Consumption,direct discount,2022-09-14 10:57:18.672,2022-09-14 10:57:18.672,0.2222222222222222
9310,2,247000,123500.0,123500.0,30000,15000.0,Daily_Consumption,direct discount,2022-09-01 10:00:30.130,2022-09-26 16:09:41.101,0.1214574898785425
9311,3,202000,67333.33333333333,59000.0,30000,10000.0,Financial_Service,direct discount,2022-09-08 09:48:35.666,2022-09-20 12:08:48.753,0.1485148514851485
9317,2,81001,40500.5,40500.5,40000,20000.0,Goods_Transaction,voucher,2022-09-03 19:07:23.024,2022-09-06 19:01:09.688,0.49382106393748226
9318,1,125000,125000.0,125000.0,15000,15000.0,Unknown_Group,voucher,2022-09-03 18:28:56.565,2022-09-03 18:28:56.565,0.12
9319,11,11000,1000.0,1000.0,10890,990.0,Goods_Transaction,voucher,2022-08-29 08:23:49.849,2022-09-14 09:45:11.465,0.99
9320,1,105000,105000.0,105000.0,15000,15000.0,OnDemand_Service,voucher,2022-08-29 18:20:34.479,2022-08-29 18:20:34.479,0.14285714285714285
9321,1,33000,33000.0,33000.0,15000,15000.0,Goods_Transaction,voucher,2022-08-28 15:49:19.711,2022-08-28 15:49:19.711,0.45454545454545453
9341,1,30000,30000.0,30000.0,10000,10000.0,Goods_Transaction,voucher,2022-08-21 15:01:20.025,2022-08-21 15:01:20.025,0.3333333333333333
9345,7,1490800,212971.42857142858,150000.0,280000,40000.0,Daily_Consumption,voucher,2022-09-28 10:16:58.628,2022-10-29 14:08:45.810,0.18781862087469814
9350,5,934500,186900.0,207500.0,75000,15000.0,Goods_Transaction,voucher,2022-09-01 12:19:55.667,2022-09-25 17:58:23.235,0.08025682182985554
9354,115,16321111,141922.70434782607,95000.0,2107683,18327.678260869565,Access_Service,direct discount,2022-08-22 10:02:10.210,2022-12-29 06:10:21.433,0.12913845142037206
9364,3,258000,86000.0,55000.0,45000,15000.0,Daily_Consumption,direct discount,2022-10-08 19:53:46.120,2022-11-09 13:32:11.079,0.1744186046511628
9386,244,167850818,687913.1885245901,434626.5,12200000,50000.0,Obligation_Payment,voucher,2022-08-26 09:05:45.487,2022-09-27 20:45:25.396,0.07268358978149275
9387,488,347853570,712814.6926229508,464754.0,24400000,50000.0,Obligation_Payment,voucher,2022-08-24 23:10:08.960,2022-09-27 20:22:33.142,0.07014445762336147
9395,18,2335245,129735.83333333333,93250.0,270000,15000.0,Goods_Transaction,voucher,2022-08-24 22:10:08.905,2022-08-30 20:08:28.543,0.11561956026027248
9413,7,1109000,158428.57142857142,130000.0,350000,50000.0,Unknown_Group,direct discount,2022-09-06 13:54:22.861,2022-09-28 21:02:51.928,0.3155996393146979
9416,2,603710,301855.0,301855.0,40000,20000.0,Unknown_Group,direct discount,2022-09-02 10:08:50.593,2022-09-02 10:48:27.514,0.06625697768796276
9421,4,470882,117720.5,115991.0,120000,30000.0,Goods_Transaction,direct discount,2022-09-13 15:53:11.143,2022-09-30 10:04:53.574,0.2548409155584626
9422,8,160000,20000.0,20000.0,80000,10000.0,Access_Service,voucher,2022-09-20 18:08:15.295,2022-09-29 16:16:28.779,0.5
9426,3,2071000,690333.3333333334,95000.0,60000,20000.0,Interactive_Service,direct discount,2022-09-07 10:38:26.588,2022-09-21 21:47:18.983,0.028971511347175277
9427,1,95000,95000.0,95000.0,20000,20000.0,Interactive_Service,direct discount,2022-09-16 10:53:45.121,2022-09-16 10:53:45.121,0.21052631578947367
9445,7,188000,26857.14285714286,28000.0,70000,10000.0,Internal_Service,voucher,2022-09-05 11:18:12.646,2022-09-19 10:37:13.340,0.3723404255319149
9448,578,122120677,211281.4480968858,88900.0,8670000,15000.0,Goods_Transaction,voucher,2022-09-09 00:18:59.253,2022-10-01 20:10:56.465,0.0709953483143563
9470,1,50000,50000.0,50000.0,9000,9000.0,Goods_Transaction,voucher,2022-09-08 20:12:40.673,2022-09-08 20:12:40.673,0.18
9499,1,189665,189665.0,189665.0,10000,10000.0,Obligation_Payment,voucher,2022-09-14 21:40:41.206,2022-09-14 21:40:41.206,0.0527245406374397
9522,446,13708649,30736.881165919283,10000.0,4014000,9000.0,Access_Service,voucher,2022-09-07 16:10:21.135,2022-10-03 18:01:37.632,0.29280784707522967
9524,1,50000,50000.0,50000.0,10000,10000.0,Access_Service,voucher,2022-09-22 15:20:34.206,2022-09-22 15:20:34.206,0.2
9537,26,40250,1548.076923076923,1000.0,25770,991.1538461538462,Goods_Transaction,voucher,2022-09-14 21:12:09.064,2022-09-30 23:10:45.382,0.640248447204969
9538,32,16181228,505663.375,87000.0,160000,5000.0,Goods_Transaction,voucher,2022-09-13 12:40:11.771,2022-09-30 21:05:01.080,0.009888001083724918
9541,3,39000,13000.0,14000.0,19500,6500.0,Access_Service,voucher,2022-10-03 07:20:36.687,2022-11-13 18:42:46.178,0.5
9551,1,184000,184000.0,184000.0,10000,10000.0,Goods_Transaction,voucher,2022-10-15 22:51:54.037,2022-10-15 22:51:54.037,0.05434782608695652
9558,3,190000,63333.333333333336,47500.0,120000,40000.0,Interactive_Service,voucher,2022-09-22 16:52:21.476,2022-09-26 18:49:12.127,0.631578947368421
9564,1,95000,95000.0,95000.0,15000,15000.0,Interactive_Service,voucher,2022-09-27 19:06:10.054,2022-09-27 19:06:10.054,0.15789473684210525
9571,2,150000,75000.0,75000.0,10000,5000.0,Access_Service,voucher,2022-09-20 20:28:19.981,2022-10-06 13:26:43.883,0.06666666666666667
9578,2,1969200,984600.0,984600.0,40000,20000.0,Goods_Transaction,voucher,2022-10-08 09:47:36.816,2022-10-31 19:58:31.471,0.020312817387771683
9579,6,6221267,1036877.8333333334,813697.5,120000,20000.0,Goods_Transaction,voucher,2022-10-05 20:05:02.411,2022-10-21 14:20:54.132,0.01928867544183524
9580,2,451400,225700.0,225700.0,30000,15000.0,Goods_Transaction,voucher,2022-10-03 10:42:34.880,2022-10-13 09:20:09.808,0.0664599025254763
9581,1,48000,48000.0,48000.0,10000,10000.0,Goods_Transaction,voucher,2022-10-31 07:17:46.064,2022-10-31 07:17:46.064,0.20833333333333334
9605,3,1217900,405966.6666666667,330000.0,45000,15000.0,Goods_Transaction,voucher,2022-10-06 16:30:44.571,2022-10-29 11:05:02.217,0.036948846374907626
9614,1,51999,51999.0,51999.0,20000,20000.0,Goods_Transaction,voucher,2022-10-29 01:04:13.446,2022-10-29 01:04:13.446,0.3846227812073309
9620,16,3200000,200000.0,100000.0,800000,50000.0,Interactive_Service,direct discount,2022-09-26 12:30:20.601,2022-09-30 23:54:17.723,0.25
9622,3,300000,100000.0,100000.0,150000,50000.0,Interactive_Service,direct discount,2022-09-21 22:39:00.958,2022-09-24 22:16:33.829,0.5
9627,19,1368000,72000.0,65000.0,285000,15000.0,Financial_Service,direct discount,2022-10-05 19:34:02.136,2022-11-25 22:46:35.444,0.20833333333333334
9631,3,169000,56333.333333333336,55000.0,30000,10000.0,Daily_Consumption,direct discount,2022-10-20 11:02:23.361,2022-11-11 16:27:49.152,0.17751479289940827
9632,211,130216055,617137.701421801,520000.0,8755697,41496.19431279621,Goods_Transaction,voucher,2022-09-23 12:55:04.556,2022-10-19 15:23:13.513,0.06723976548053157
9643,2,117000,58500.0,58500.0,30000,15000.0,Daily_Consumption,direct discount,2022-10-18 12:41:56.155,2022-10-26 13:24:35.682,0.2564102564102564
9645,89,42527991,477842.59550561797,484231.0,4450000,50000.0,Obligation_Payment,direct discount,2022-09-23 12:41:39.527,2022-10-31 14:32:14.724,0.10463696721531003
9646,50,27403198,548063.96,529000.0,2200128,44002.56,Goods_Transaction,direct discount,2022-10-20 11:01:42.374,2022-11-14 12:33:22.647,0.08028727158049218
9648,2,453000,226500.0,226500.0,30000,15000.0,Goods_Transaction,direct discount,2022-10-19 15:19:42.912,2022-10-29 01:19:57.157,0.06622516556291391
9649,5,1483000,296600.0,273000.0,100000,20000.0,Goods_Transaction,direct discount,2022-10-05 10:50:49.741,2022-10-24 19:50:54.911,0.06743088334457181
9650,193,20056650,103920.46632124353,95000.0,17370000,90000.0,Interactive_Service,direct discount,2022-09-27 19:43:39.600,2022-12-06 23:49:14.216,0.8660469220931711
9651,166,28585658,172202.7590361446,126194.0,4150000,25000.0,Obligation_Payment,direct discount,2022-09-23 09:50:00.576,2022-12-28 15:04:06.400,0.14517769715148765
9664,2,1886000,943000.0,943000.0,80000,40000.0,Goods_Transaction,direct discount,2022-10-20 12:16:52.022,2022-10-26 21:51:30.355,0.042417815482502653
9669,76,6358448,83663.78947368421,19100.0,1140000,15000.0,Goods_Transaction,direct discount,2022-10-03 14:29:47.185,2022-12-30 11:20:51.824,0.17928903405359295
9689,9,840000,93333.33333333333,99000.0,135000,15000.0,OnDemand_Service,voucher,2022-11-20 11:53:51.913,2022-12-29 11:44:41.493,0.16071428571428573
9700,11,2182000,198363.63636363635,110000.0,2083000,189363.63636363635,Unknown_Group,direct discount,2022-10-04 11:04:51.685,2022-10-19 22:14:54.429,0.9546287809349221
9702,47,9015818,191825.914893617,125000.0,2336818,49719.53191489362,Unknown_Group,direct discount,2022-10-06 22:25:22.923,2022-12-06 18:02:57.775,0.259190902034624
9705,171,37592544,219839.43859649124,210000.0,18745090,109620.40935672514,Unknown_Group,direct discount,2022-10-01 06:02:32.576,2022-12-30 15:48:57.503,0.49863850661450315
9709,3,350000,116666.66666666667,100000.0,233000,77666.66666666667,Unknown_Group,direct discount,2022-10-07 09:29:31.246,2022-10-09 22:59:03.018,0.6657142857142857
9732,99,17210000,173838.38383838383,125000.0,8044000,81252.52525252526,Unknown_Group,direct discount,2022-10-06 14:10:23.644,2022-12-31 20:36:10.928,0.4674026728646136
9734,2,227113,113556.5,113556.5,60000,30000.0,Goods_Transaction,direct discount,2022-10-07 12:00:21.755,2022-10-18 17:25:47.701,0.2641856696886572
9735,11,71000,6454.545454545455,5000.0,35500,3227.2727272727275,Access_Service,voucher,2022-10-13 22:32:02.985,2022-11-07 16:41:30.186,0.5
9736,39,1000000,25641.02564102564,20000.0,390000,10000.0,Access_Service,voucher,2022-10-06 14:19:26.620,2022-11-06 22:55:52.986,0.39
9738,1,208174,208174.0,208174.0,15000,15000.0,Obligation_Payment,voucher,2022-11-15 13:23:10.373,2022-11-15 13:23:10.373,0.07205510774640445
9739,3,431254,143751.33333333334,117167.0,45000,15000.0,Obligation_Payment,voucher,2022-10-07 22:00:55.984,2022-10-14 22:38:49.415,0.10434685823203958
9740,1,165000,165000.0,165000.0,15000,15000.0,Obligation_Payment,voucher,2022-11-02 12:44:17.998,2022-11-02 12:44:17.998,0.09090909090909091
9745,11,59500,5409.090909090909,5000.0,29750,2704.5454545454545,Access_Service,voucher,2022-10-05 18:36:15.321,2022-11-02 13:24:11.684,0.5
9746,17,220000,12941.176470588236,10000.0,34000,2000.0,Access_Service,voucher,2022-10-05 14:01:00.376,2022-11-10 14:30:26.852,0.15454545454545454
9749,1,115575,115575.0,115575.0,10000,10000.0,Obligation_Payment,voucher,2022-10-20 19:24:34.290,2022-10-20 19:24:34.290,0.08652390222799049
9756,3,85500,28500.0,19000.0,42750,14250.0,Interactive_Service,direct discount,2022-09-30 17:14:18.114,2022-10-02 15:49:04.065,0.5
9768,3,1535000,511666.6666666667,219000.0,45000,15000.0,Daily_Consumption,direct discount,2022-10-04 18:25:05.507,2022-10-29 11:18:15.471,0.029315960912052116
9770,181,120095502,663511.0607734807,386534.0,9050000,50000.0,Obligation_Payment,voucher,2022-09-28 19:15:26.322,2022-10-26 23:03:43.060,0.07535669404171357
9771,418,318604039,762210.6196172249,447653.5,20900000,50000.0,Obligation_Payment,voucher,2022-09-30 09:29:27.538,2022-10-26 20:38:41.508,0.06559866618640073
9773,129,106367074,824550.9612403101,483926.0,9030000,70000.0,Obligation_Payment,voucher,2022-09-29 18:47:57.558,2022-10-26 17:00:58.312,0.08489469213001008
9796,1,97000,97000.0,97000.0,29000,29000.0,Daily_Consumption,direct discount,2022-10-11 14:24:38.118,2022-10-11 14:24:38.118,0.29896907216494845
9827,5,904000,180800.0,233000.0,100000,20000.0,Daily_Consumption,direct discount,2022-10-02 13:12:08.297,2022-10-20 21:57:46.932,0.11061946902654868
9828,1,105000,105000.0,105000.0,5000,5000.0,Daily_Consumption,direct discount,2022-10-22 12:54:45.188,2022-10-22 12:54:45.188,0.047619047619047616
9897,12,1660000,138333.33333333334,125000.0,742000,61833.333333333336,Unknown_Group,direct discount,2022-10-27 21:56:08.883,2022-11-15 12:05:15.139,0.4469879518072289
9898,126,22461000,178261.90476190476,130000.0,14689000,116579.36507936507,Unknown_Group,direct discount,2022-10-18 12:27:07.406,2022-12-31 21:52:23.743,0.6539780063220694
9909,1,407000,407000.0,407000.0,30000,30000.0,Goods_Transaction,direct discount,2022-10-17 22:59:56.043,2022-10-17 22:59:56.043,0.07371007371007371
9913,6,340000,56666.666666666664,50000.0,180000,30000.0,Interactive_Service,voucher,2022-10-10 21:03:38.270,2022-10-16 17:22:09.307,0.5294117647058824
9928,46,5674000,123347.82608695653,100000.0,3220000,70000.0,Interactive_Service,direct discount,2022-10-08 20:18:21.435,2022-11-13 18:24:00.537,0.5675008812125485
9929,3,3693394,1231131.3333333333,1136735.0,90000,30000.0,Obligation_Payment,voucher,2022-11-22 13:21:51.425,2022-11-23 18:49:48.973,0.024367830781118937
9931,1,200000,200000.0,200000.0,30000,30000.0,Obligation_Payment,direct discount,2022-10-29 23:04:31.106,2022-10-29 23:04:31.106,0.15
9938,2,7216000,3608000.0,3608000.0,60000,30000.0,Obligation_Payment,direct discount,2022-10-15 21:16:07.522,2022-10-16 22:21:27.289,0.008314855875831485
9948,1,63200,63200.0,63200.0,10000,10000.0,OnDemand_Service,voucher,2022-10-28 20:27:15.820,2022-10-28 20:27:15.820,0.15822784810126583
9957,2,60000,30000.0,30000.0,30000,15000.0,Interactive_Service,voucher,2022-11-01 19:10:02.513,2022-11-05 16:29:06.812,0.5
9958,2,253043,126521.5,126521.5,30000,15000.0,Goods_Transaction,voucher,2022-10-13 23:17:42.657,2022-10-20 17:57:37.678,0.11855692510759042
9963,1,324000,324000.0,324000.0,20000,20000.0,Goods_Transaction,voucher,2022-10-18 12:10:40.155,2022-10-18 12:10:40.155,0.06172839506172839
9964,10,14398745,1439874.5,1095562.0,200000,20000.0,Goods_Transaction,voucher,2022-11-04 19:53:47.139,2022-11-29 13:03:48.628,0.013890099449639535
9967,8,1104600,138075.0,100000.0,120000,15000.0,Goods_Transaction,voucher,2022-11-12 12:38:14.159,2022-11-26 12:08:20.256,0.10863661053775123
9974,7,654550,93507.14285714286,76000.0,140000,20000.0,Interactive_Service,direct discount,2022-10-17 12:27:14.396,2022-10-31 20:52:07.742,0.21388740355969751
9985,1,42000,42000.0,42000.0,10000,10000.0,Goods_Transaction,voucher,2022-11-21 17:30:10.825,2022-11-21 17:30:10.825,0.23809523809523808
9986,1,50000,50000.0,50000.0,30000,30000.0,Interactive_Service,direct discount,2022-11-06 10:13:45.922,2022-11-06 10:13:45.922,0.6
9987,1,114998,114998.0,114998.0,20000,20000.0,Goods_Transaction,voucher,2022-11-22 03:19:54.402,2022-11-22 03:19:54.402,0.17391606810553226
9995,15,1500000,100000.0,100000.0,750000,50000.0,Interactive_Service,direct discount,2022-10-19 09:22:28.973,2022-10-25 12:59:19.838,0.5
10029,1,54000,54000.0,54000.0,15000,15000.0,Internal_Service,direct discount,2022-11-26 12:30:42.426,2022-11-26 12:30:42.426,0.2777777777777778
10048,2,150000,75000.0,75000.0,60000,30000.0,Interactive_Service,voucher,2022-10-27 10:42:41.307,2022-10-29 14:19:48.830,0.4
10057,1,39000,39000.0,39000.0,15000,15000.0,Financial_Service,voucher,2022-11-16 09:27:12.100,2022-11-16 09:27:12.100,0.38461538461538464
10071,253,38911326,153799.7075098814,73000.0,5060000,20000.0,OnDemand_Service,voucher,2022-10-20 13:02:36.269,2022-11-08 16:00:19.547,0.1300392590064908
10072,84,4759780,56664.04761904762,33000.0,840000,10000.0,OnDemand_Service,voucher,2022-10-20 13:08:08.805,2022-11-11 12:13:11.448,0.17647874481593687
10073,1,50000,50000.0,50000.0,10000,10000.0,Daily_Consumption,voucher,2022-10-31 15:20:32.760,2022-10-31 15:20:32.760,0.2
10135,2,1967800,983900.0,983900.0,40000,20000.0,Goods_Transaction,direct discount,2022-11-03 10:48:59.405,2022-11-22 16:27:53.680,0.02032726903140563
10140,13,180000,13846.153846153846,10000.0,26000,2000.0,Access_Service,voucher,2022-11-08 13:52:22.087,2022-12-11 15:03:34.181,0.14444444444444443
10142,1,249502,249502.0,249502.0,15000,15000.0,Obligation_Payment,voucher,2022-11-30 14:23:30.342,2022-11-30 14:23:30.342,0.06011975855904963
10150,13,200000,15384.615384615385,20000.0,26000,2000.0,Access_Service,voucher,2022-11-04 08:25:54.274,2022-12-06 15:54:52.793,0.13
10154,1,66000,66000.0,66000.0,10000,10000.0,Obligation_Payment,voucher,2022-11-18 09:57:16.127,2022-11-18 09:57:16.127,0.15151515151515152
10159,1,100000,100000.0,100000.0,10000,10000.0,Obligation_Payment,voucher,2022-11-22 15:09:27.685,2022-11-22 15:09:27.685,0.1
10183,3,2324000,774666.6666666666,875000.0,60000,20000.0,Goods_Transaction,direct discount,2022-11-23 17:43:35.838,2022-12-05 15:46:39.409,0.025817555938037865
10184,1,135000,135000.0,135000.0,19000,19000.0,Daily_Consumption,direct discount,2022-11-09 18:49:05.833,2022-11-09 18:49:05.833,0.14074074074074075
10185,13,2102800,161753.84615384616,159000.0,260000,20000.0,Daily_Consumption,direct discount,2022-11-03 16:43:42.947,2022-11-19 18:28:51.874,0.1236446642571809
10187,2,128000,64000.0,64000.0,60000,30000.0,Daily_Consumption,direct discount,2022-11-23 20:01:51.967,2022-11-30 17:03:59.598,0.46875
10193,17,323000,19000.0,19000.0,306000,18000.0,Interactive_Service,direct discount,2022-11-02 11:47:42.741,2022-11-12 11:26:14.238,0.9473684210526315
10194,32,13539769,423117.78125,178175.0,1600000,50000.0,Obligation_Payment,voucher,2022-10-29 10:13:14.379,2022-11-28 21:05:28.145,0.1181704060091424
10195,265,155097344,585272.996226415,273428.0,13250000,50000.0,Obligation_Payment,voucher,2022-10-27 18:19:50.988,2022-11-28 22:14:21.555,0.08543021858581924
10196,5,1665838,333167.6,201998.0,150000,30000.0,Obligation_Payment,voucher,2022-11-08 12:56:24.470,2022-11-26 19:57:12.362,0.09004477025977316
10197,32,18691640,584113.75,407357.5,2240000,70000.0,Obligation_Payment,voucher,2022-10-30 20:06:17.018,2022-11-23 16:46:19.260,0.1198396716392997
10198,1,182000,182000.0,182000.0,15000,15000.0,Goods_Transaction,direct discount,2022-11-09 09:07:56.944,2022-11-09 09:07:56.944,0.08241758241758242
10199,4,1498000,374500.0,409500.0,80000,20000.0,Goods_Transaction,direct discount,2022-11-09 12:40:32.013,2022-11-20 08:27:54.563,0.0534045393858478
10220,1,160142,160142.0,160142.0,15000,15000.0,Goods_Transaction,voucher,2022-11-14 19:26:50.181,2022-11-14 19:26:50.181,0.09366687065229609
10249,1478,1030757935,697400.49729364,404499.0,73900000,50000.0,Obligation_Payment,voucher,2022-11-01 10:53:58.686,2022-12-31 07:46:11.437,0.07169481552426758
10286,27,6076000,225037.03703703705,210000.0,2322000,86000.0,Unknown_Group,direct discount,2022-12-09 14:03:21.308,2022-12-30 17:42:44.603,0.38215931533903885
10290,12,802000,66833.33333333333,44500.0,120000,10000.0,Daily_Consumption,direct discount,2022-11-17 20:43:45.081,2022-12-29 20:11:43.294,0.14962593516209477
10293,16,506700,31668.75,19100.0,288000,18000.0,Goods_Transaction,voucher,2022-11-06 19:41:33.060,2022-11-25 20:56:51.433,0.5683836589698046
10306,4,200000,50000.0,50000.0,160000,40000.0,Interactive_Service,direct discount,2022-11-04 16:26:17.704,2022-11-11 07:51:56.089,0.8
10347,16,686500,42906.25,38000.0,400000,25000.0,Interactive_Service,voucher,2022-11-07 19:35:13.944,2022-12-13 21:32:17.906,0.5826656955571741
10348,7,268000,38285.71428571428,32000.0,68000,9714.285714285714,Daily_Consumption,direct discount,2022-11-08 12:12:04.179,2022-12-04 10:50:45.183,0.2537313432835821
10356,1,57992,57992.0,57992.0,20000,20000.0,Obligation_Payment,voucher,2022-11-07 20:23:47.445,2022-11-07 20:23:47.445,0.34487515519381984
10358,2,100000,50000.0,50000.0,30000,15000.0,Goods_Transaction,voucher,2022-11-09 00:38:22.337,2022-11-11 22:00:02.475,0.3
10359,1,177130,177130.0,177130.0,20000,20000.0,Goods_Transaction,voucher,2022-11-11 21:22:18.689,2022-11-11 21:22:18.689,0.11291142099023316
10360,5,496074,99214.8,59800.0,75000,15000.0,Goods_Transaction,voucher,2022-11-03 12:18:46.825,2022-11-11 22:41:05.071,0.15118712127626122
10390,2,230000,115000.0,115000.0,50000,25000.0,Unknown_Group,direct discount,2022-11-17 11:20:50.149,2022-11-21 13:10:47.085,0.21739130434782608
10391,7,523000,74714.28571428571,76000.0,280000,40000.0,Interactive_Service,voucher,2022-11-11 13:07:13.437,2022-11-30 10:48:05.058,0.5353728489483748
10396,31,31000,1000.0,1000.0,30690,990.0,Goods_Transaction,voucher,2022-11-02 16:42:43.093,2022-12-31 02:21:02.981,0.99
10398,31,3533279,113976.74193548386,95000.0,465000,15000.0,Goods_Transaction,voucher,2022-11-07 18:11:17.558,2022-11-12 12:09:19.409,0.1316057973344307
10399,9,528000,58666.666666666664,30000.0,189000,21000.0,Internal_Service,voucher,2022-11-15 11:10:29.571,2022-11-22 11:48:32.974,0.35795454545454547
10404,11,2683000,243909.0909090909,161000.0,275000,25000.0,Unknown_Group,direct discount,2022-11-06 09:57:33.915,2022-11-09 21:02:57.640,0.10249720462169214
10406,2,53680000,26840000.0,26840000.0,1000000,500000.0,Goods_Transaction,direct discount,2022-12-09 15:41:45.680,2022-12-31 17:59:16.738,0.018628912071535022
10413,10,3044000,304400.0,200000.0,400000,40000.0,Interactive_Service,direct discount,2022-11-09 09:02:31.496,2022-11-16 18:01:27.523,0.1314060446780552
10414,13,6483072,498697.8461538461,420000.0,650000,50000.0,Mobility_Service,direct discount,2022-11-09 13:06:05.803,2022-12-29 09:45:59.439,0.10026111078204901
10425,14,1660000,118571.42857142857,125000.0,834000,59571.42857142857,Unknown_Group,direct discount,2022-11-19 19:17:18.530,2022-11-28 15:16:59.663,0.5024096385542168
10429,1,35000,35000.0,35000.0,15000,15000.0,Daily_Consumption,direct discount,2022-11-19 12:03:52.788,2022-11-19 12:03:52.788,0.42857142857142855
10431,4,1068300,267075.0,118500.0,60000,15000.0,Goods_Transaction,direct discount,2022-11-21 15:31:52.160,2022-11-26 10:39:31.142,0.05616399887672002
10433,47,14380041,305958.3191489362,100000.0,940000,20000.0,Goods_Transaction,voucher,2022-11-08 15:25:04.226,2022-11-14 14:00:29.162,0.06536838107763392
10434,6,1800000,300000.0,300000.0,180000,30000.0,Interactive_Service,direct discount,2022-11-15 22:31:36.924,2022-11-28 20:06:38.904,0.1
10436,4,200000,50000.0,50000.0,60000,15000.0,Daily_Consumption,direct discount,2022-11-16 14:48:26.671,2022-12-14 07:35:39.776,0.3
10440,1,326900,326900.0,326900.0,20000,20000.0,Goods_Transaction,direct discount,2022-12-15 19:03:23.783,2022-12-15 19:03:23.783,0.06118078923218109
10441,1,704500,704500.0,704500.0,25000,25000.0,Goods_Transaction,direct discount,2022-12-11 00:20:54.437,2022-12-11 00:20:54.437,0.035486160397444996
10443,92,28449609,309234.8804347826,204911.5,4600000,50000.0,Obligation_Payment,direct discount,2022-11-10 12:31:30.163,2022-12-31 17:25:13.283,0.16168939263804996
10475,1,80000,80000.0,80000.0,17000,17000.0,Unknown_Group,direct discount,2022-12-06 11:01:00.831,2022-12-06 11:01:00.831,0.2125
10478,1,40000,40000.0,40000.0,10000,10000.0,Goods_Transaction,voucher,2022-12-11 15:18:00.956,2022-12-11 15:18:00.956,0.25
10480,8,950000,118750.0,100000.0,240000,30000.0,Interactive_Service,direct discount,2022-11-16 07:55:18.945,2022-11-30 13:25:23.464,0.25263157894736843
10487,1,430000,430000.0,430000.0,10000,10000.0,Goods_Transaction,voucher,2022-12-09 13:59:07.209,2022-12-09 13:59:07.209,0.023255813953488372
10488,4,70000,17500.0,20000.0,20000,5000.0,Access_Service,voucher,2022-12-03 12:26:22.725,2022-12-07 11:57:47.464,0.2857142857142857
10493,2,664000,332000.0,332000.0,40000,20000.0,Goods_Transaction,direct discount,2022-12-20 19:52:42.882,2022-12-31 15:27:04.510,0.060240963855421686
10494,5,1216000,243200.0,57000.0,100000,20000.0,Interactive_Service,direct discount,2022-11-17 09:37:31.096,2022-11-29 12:50:19.398,0.08223684210526316
10497,2,440000,220000.0,220000.0,40000,20000.0,Goods_Transaction,voucher,2022-12-04 10:54:45.021,2022-12-08 14:41:32.314,0.09090909090909091
10498,1,390200,390200.0,390200.0,20000,20000.0,Goods_Transaction,direct discount,2022-12-19 01:10:05.469,2022-12-19 01:10:05.469,0.051255766273705795
10511,1,167394,167394.0,167394.0,10000,10000.0,Goods_Transaction,voucher,2022-11-23 19:17:17.868,2022-11-23 19:17:17.868,0.05973929770481618
10523,1,15000,15000.0,15000.0,5000,5000.0,Access_Service,voucher,2022-12-26 11:28:20.524,2022-12-26 11:28:20.524,0.3333333333333333
10524,47,810000,17234.042553191488,20000.0,94000,2000.0,Access_Service,voucher,2022-12-06 11:18:24.578,2022-12-28 20:39:37.465,0.11604938271604938
10526,3,391849,130616.33333333333,158030.0,45000,15000.0,Obligation_Payment,voucher,2022-12-07 09:54:46.976,2022-12-21 09:02:55.480,0.11484015526388992
10528,1,50000,50000.0,50000.0,20000,20000.0,Goods_Transaction,voucher,2022-12-30 18:46:43.738,2022-12-30 18:46:43.738,0.4
10532,2,65552,32776.0,32776.0,30000,15000.0,Goods_Transaction,voucher,2022-12-08 12:26:47.105,2022-12-08 15:28:31.732,0.45765194044422747
10533,1,32000,32000.0,32000.0,15000,15000.0,OnDemand_Service,voucher,2022-12-08 15:59:32.803,2022-12-08 15:59:32.803,0.46875
10536,1,50000,50000.0,50000.0,20000,20000.0,Goods_Transaction,voucher,2022-12-07 13:34:45.712,2022-12-07 13:34:45.712,0.4
10540,47,740000,15744.68085106383,20000.0,94000,2000.0,Access_Service,voucher,2022-12-06 13:03:05.985,2022-12-28 13:35:59.219,0.12702702702702703
10548,1,400000,400000.0,400000.0,10000,10000.0,Obligation_Payment,voucher,2022-12-20 16:56:21.054,2022-12-20 16:56:21.054,0.025
10552,2,224000,112000.0,112000.0,20000,10000.0,OnDemand_Service,voucher,2022-12-23 16:49:37.312,2022-12-25 12:17:42.787,0.08928571428571429
10602,1,170100,170100.0,170100.0,30000,30000.0,Daily_Consumption,direct discount,2022-12-24 20:57:08.674,2022-12-24 20:57:08.674,0.1763668430335097
10603,3,3060715,1020238.3333333334,867600.0,75000,25000.0,Goods_Transaction,voucher,2022-12-04 19:50:37.376,2022-12-21 10:22:52.332,0.02450407829543097
10606,7,7000,1000.0,1000.0,6993,999.0,Goods_Transaction,voucher,2022-12-01 13:13:22.001,2022-12-25 03:53:08.610,0.999
10608,31,520000,16774.1935483871,20000.0,93000,3000.0,Access_Service,voucher,2022-12-09 04:55:36.344,2022-12-27 20:24:34.467,0.17884615384615385
10609,4,43000,10750.0,10000.0,20000,5000.0,Access_Service,voucher,2022-12-12 17:51:25.114,2022-12-22 15:52:17.138,0.46511627906976744
10610,1,442843,442843.0,442843.0,25000,25000.0,Obligation_Payment,voucher,2022-12-12 23:00:23.173,2022-12-12 23:00:23.173,0.056453415770374604
10619,1,36000,36000.0,36000.0,15000,15000.0,Goods_Transaction,voucher,2022-12-18 19:33:42.345,2022-12-18 19:33:42.345,0.4166666666666667
10625,1,50000,50000.0,50000.0,20000,20000.0,Goods_Transaction,voucher,2022-12-11 13:36:26.986,2022-12-11 13:36:26.986,0.4
10632,184,94513000,513657.60869565216,334966.5,9200000,50000.0,Obligation_Payment,voucher,2022-11-29 18:46:41.819,2022-12-27 22:41:48.287,0.09734110651444774
10636,46,12931850,281127.17391304346,259000.0,1150000,25000.0,Unknown_Group,direct discount,2022-12-05 19:54:49.397,2022-12-31 21:39:42.293,0.08892772495814598
10637,44,7642000,173681.81818181818,125000.0,1879000,42704.545454545456,Unknown_Group,direct discount,2022-12-08 20:47:22.303,2022-12-31 21:29:05.416,0.2458780423972782
10641,1,57000,57000.0,57000.0,33000,33000.0,Daily_Consumption,direct discount,2022-12-11 10:55:00.998,2022-12-11 10:55:00.998,0.5789473684210527
10646,3,615600,205200.0,149000.0,90000,30000.0,Goods_Transaction,direct discount,2022-12-13 13:02:45.401,2022-12-31 13:06:13.459,0.14619883040935672
10669,1,22000,22000.0,22000.0,10000,10000.0,Internal_Service,voucher,2022-12-13 09:47:05.102,2022-12-13 09:47:05.102,0.45454545454545453
10670,109,7129500,65408.25688073395,57000.0,4360000,40000.0,Interactive_Service,direct discount,2022-12-07 10:38:57.349,2022-12-31 22:34:16.307,0.6115435865067677
10675,153,15192700,99298.69281045752,95000.0,13770000,90000.0,Interactive_Service,direct discount,2022-12-09 16:46:01.511,2022-12-22 16:49:33.430,0.9063563421906573
10677,13,2100000,161538.46153846153,100000.0,390000,30000.0,Interactive_Service,direct discount,2022-12-09 11:40:16.150,2022-12-25 20:23:10.195,0.18571428571428572
10678,1,95000,95000.0,95000.0,45000,45000.0,Interactive_Service,direct discount,2022-12-11 17:30:34.990,2022-12-11 17:30:34.990,0.47368421052631576
10692,1,42000,42000.0,42000.0,5000,5000.0,Access_Service,voucher,2022-12-21 21:12:59.992,2022-12-21 21:12:59.992,0.11904761904761904
10712,1,12000,12000.0,12000.0,5000,5000.0,Internal_Service,voucher,2022-12-13 11:36:09.605,2022-12-13 11:36:09.605,0.4166666666666667
10759,1,50000,50000.0,50000.0,10000,10000.0,Goods_Transaction,voucher,2022-12-29 23:10:18.131,2022-12-29 23:10:18.131,0.2
10831,3,525458,175152.66666666666,125458.0,150000,50000.0,Obligation_Payment,voucher,2022-12-28 17:42:34.423,2022-12-31 09:14:02.276,0.2854652512665142
